J8fdk7n2i,#端午节#又是一年端午时，“端”有开头、初始之意，在这个疫情还未褪去的夏天，我们不仅要向那些仍然奋战在一线的工作者敬祝安康，同时也要为即将面临高考的学子打气，愿他们笃定前行，迎接挑战，上下求索，守护传承，“易”气风发，金榜高“粽”！带话题#高考加油#转发本条微博，我们将于6月28日抽3名粉丝，送出【网易味央端午礼盒】哦！ http://t.cn/A6LgeUNH 原图 ,2020-06-25 10:30,67,315,100
J80b3cNOG,【中国船员因疫情海上漂流8个月：被公司侵犯利益 但不敢反抗】在远离中国大陆的海面上，还漂着一批未能回国的中国海员，他们被迫超期工作，却不敢对雇佣自己的航运公司提出反抗。一名罗姓船员表示，中国船员不同于外国船员，如果有人敢反抗船运公司，下场就是这个人永远被公司拉入黑名单，以后基本上很难混。“一旦船上曝出什么负面新闻，公司第一时间不是搞清问题，而是调查谁捅出去的，动用一切资源和手段把这个人找出来，导致大家胆子都很小。” http://t.cn/A6LY0oFi ,2020-06-23 20:14,141,31,37
J7MpNxy7Q,【#河南某校收生活费1500只退500# 强迫家长签字：不签字孩子全部领走！】6月20日，河南省开封市杞县苏木乡社区中心小校就疫情期间需要退回的费用问题与家长引起纠纷。据学生家长称：学校收费时收取了1500元生活费，但家长退费的时候，学校硬说是1000元，折后就退给家长500元，家长们不接受。据该校学生家长反应：学校不仅抹去了学生所交的生活费的三分之一，而且态度十分恶劣，学生家长要求按标准退费。视频显示，校方两位负责人要求家长签字承认缴费1000元的事实，否则就将各自孩子领走。目前，当地部门还未回复。 （来源@易视频） http://t.cn/A6LCtihV ,2020-06-22 09:12,151,28,59
J7mUmxfCj,【看懂了美国人的反智文化，你才能真正懂这个魔幻的国家】18%的美国人认为太阳绕着地球转，近百万美国人认为地球是平的，在地图上找不到自己国家的美国人更是不计其数；即使面对来势汹汹的新冠疫情，他们也毫不在乎地走上街头，抗疫政府的隔离政策，反对研发新冠疫苗…这两百多年来美国人经历了什么，才会变得如此“反智”。  http://t.cn/A6L6si4Y ,2020-06-19 16:15,234,47,88
J7fhmba8T,【#武汉抗疫护士昏迷百天未醒#：申请工伤被拒，复议结果仍未出】6月17日，湖北武汉。网传 “武汉抗疫昏迷的护士沈蓓因工伤认定问题行政复议获得回复，社保局认为其不符合工伤认定而维持原来决定” 情况不实。昏迷护士女儿称，昨日网传文件为社保局向复议部门提交的维持不认定工伤决定的资料，而非复议结果（社保局认为其情形不符合突发疾病死亡或者在48小时之内经抢救无效死亡，故不予认定工伤）。昏迷护士所在医院也提交资料，认为社保局可按“在抢险救灾等维护国家利益、公共利益活动中受到伤害”此条例认定昏迷护士为工伤。目前，沈蓓护士已昏迷103天，仍在等待复议结果。#网传武汉昏迷护士复议不认定工伤#结果不实（来源@易视频）前情回顾：http://t.cn/A6LxrC96 http://t.cn/A6LxQcY6 ,2020-06-18 20:50,156,79,27
J7e3foYcf,【江苏#高校举办雨夜毕业歌会#，雨中撑伞唱歌挥泪告别】2020年6月17日，江苏省连云港市，@江苏海洋大学 因为疫情原因没有举办大型毕业典礼，毕业生在本月20号就要陆续离校。为了弥补遗憾，200多名毕业生当晚冒着雨撑着伞在宿舍楼下唱“离歌”，众多学生都感动哭了。大四毕业生韦同学，也参加了活动，他说现场雨还是很大的，唱到最后有的同学都不打伞了，泪水雨水融合到一块，这是让他终生难忘的毕业季。（来源@易视频）  http://t.cn/A6LxZbqL ,2020-06-18 17:43,15,4,4
J73yfhvSJ,【新发地附近超市湖北老板为北京加油】“我是湖北人，我为北京加油…今天，该是我们报恩的时刻了！”转！加油！战疫情！[加油] 新发地附近超市湖北老板为北京加油  原图 ,2020-06-17 14:59,67,4,9
J72QPlxtR,【三文鱼被证明“清白” 但海鲜商户们已经亏惨了】据国家卫健委专家组通报，目前没有证据表明三文鱼是新冠病毒的宿主或者中间宿主。即便如此，涉及到的海鲜水产商户们却已损失惨重。北京大量海鲜水产市场陆续被封闭，不少日料门店和大型卖场直接下架三文鱼产品。商贩表示，海鲜类产品完全无人光顾，现在是干一天赔一天。记者走访永旺、永辉超市等水产区域，工作人员不断强调虾蟹类均为国产货，但都无人问津。http://t.cn/A6LVlKMg [组图共2张] 原图 ,2020-06-17 13:12,106,45,36
J5YfVrDRX,【残疾人在外宾宾馆附近拉二胡影响形象？城管局回应】5月17日，重庆一名残疾人在路边拉二胡卖艺，遭到城管驱逐，并称前方不远处有外宾宾馆，影响中国人形象。城管局执法监察科回应：担心老人此举不利疫情防控；存在交通安全隐患；城管言论不妥，执法队员素质和文化水平参差不齐，表述让人产生歧义与误解。http://t.cn/A62kk8HM [组图共3张] 原图 ,2020-06-10 11:40,299,15,68
J53Xayv0H,【官方最终尸检报告:遇害黑人死于心肺骤停 已患新冠】美国明尼苏达州亨内平县医学检查员6月3日发布了非裔美国人弗洛伊德的最终尸检报告，显示弗洛伊德的死亡是由于心肺骤停所致。报告显示，弗洛伊德的头部、面部、嘴巴、肩膀、手臂和腿部有很多瘀伤，但是没有发现这些伤害导致他死亡的证据。报告还显示，弗洛伊德最近已检测出感染新冠病毒，尽管没有迹象表明这是造成他死亡的一个因素。http://t.cn/A62YqmEN 原图 ,2020-06-04 12:20,80,10,37
J53iFbepQ,#武汉男子床头长绿竹# 【武汉男子#4个月没回出租房床头长绿竹# ：绿到我床头了】6月3日网易拍客提供视频：在武汉租房的阿乐，因为疫情4个多月没有回去，发现床头竟然长了一棵枝繁叶茂的竹子。阿乐扒开床板，发现是从床下生长上的，不由感慨到：这真是绿到我床头了。阿乐称自己很郁闷，不知道为什么会这样。目前已经联系房东，房东称会来处理。 (来源@易视频V  )#武汉男子被绿到床头#……不好意思我先笑了 http://t.cn/A62j5dLf ,2020-06-04 10:40,36,3,18
J4WgZ3hXo,【餐饮店自救摆摊遭城管劝离 第二天接通知：可以摆】6月1日，江西萍乡，当地一餐饮企业在店门口摆夜宵摊被曝遭城管劝离。企业负责人说，疫情之下想靠做夜宵自救，没想到有关部门不用意，理由是没收到文件，然而2日下午又接通知可以摆，当夜摆出接待了一些食客。一手video的秒拍视频  ,2020-06-03 16:46,94,22,37
J40Sw0fU0,#武汉抗疫护士脑出血申请工伤被拒#【武汉护士疫情间突发脑出血昏迷82天 申请工伤认定被拒】3月6日晚，武汉一名护士下班后在住宿酒店突发脑出血，至今已经昏迷82天。护士家属称，疫情期间她工作非常辛苦，住院期间医疗费自费十几万。护士所在单位于3月26日向武汉市社保局提交工伤认定申请，5月26日收到不予认定工伤决定书。决定书中称认定系在工作岗位突发疾病，但其情形不符合突发疾病死亡或者在48小时之内经抢救无效死亡，故不予认定工伤。家属后续将准备申请复议。 #抗疫护士脑出血申请工伤认定被拒# @网易新闻视频版 http://t.cn/A62xmGOR ,2020-05-28 14:39,488,264,127
J2Cv0vsjW,【#张文宏说天热可以开空调戴口罩#】天气越来越热，到底能不能开空调？张文宏医生在昨晚的一场直播中表示，中国疫情防控做得很好，人们都戴口罩的情况下传染新冠病毒的概率很小。他表示，天热的时候，可以开空调戴口罩。人民日报的微博视频  ,2020-05-19 10:45,13,5,4
J2vMrFJHb,【幼儿园卖烧烤自救生意火爆:营业3天后停止 准备开学】山东济南一家幼儿园卖烧烤走红网络。受疫情影响，这家幼儿园暂时不能复学，临时转行做起了餐饮，早上卖早餐，晚上销售烧烤和小龙虾。园长说，从5月12日开始做了3天，挺受周围居民欢迎，最多的一天营业额达到9000元。5月17日，园长告诉记者，餐饮已经不做了，初步计划6月8日开学，之前卖烧烤只是想“自救”。http://t.cn/A62PkA0X [组图共2张] 原图 ,2020-05-18 17:39,42,1,16
J2tSZwItg,【#吉林舒兰女子强行闯卡遛狗撒泼#：你能干一辈子志愿者吗？】5月17日，吉林省舒兰市吉舒镇，一女子在疫情之下出门遛狗，被工作人员拦住，该女子拒不听劝，也不测量体温，双手环抱怒怼工作人员，叫嚣“你干这个能干一辈子吗？”随后抢夺录制视频的志愿者的手机。#吉林疫情# @易视频V http://t.cn/A62P6p2g ,2020-05-18 12:50,54,8,34
J2kTupii1,【男子借用民政局厕所被拒后不满：这儿是纳税人造的】5月15日，网曝北京一男子借用丰台区民政局厕所被拒。针对工作人员关于“厕所供内部使用”的说法，男子十分不满：“你们是服务机构，这儿的一砖一瓦都是纳税人创造的，但我们想上个厕所都这么难。”丰台区民政局通报称，保安人员没有执行“疫情期间社会公众经测量体温正常后即可进入办公楼使用公共设施”，三名妇幼保健婚检宣传员是该局协作单位员工，对其也没有明确告知，对给当事人造成的不便深表歉意。http://t.cn/A6ZCW1gj http://t.cn/A6ADDeL8 ,2020-05-17 13:56,552,40,119
J1THK02yG,【#郑州富士康掀起离职潮#，不加班的工资只有两三千块熬不住】13日，郑州经开区富士康厂区，一名女子带着行李准备离职，称“不干了，工资就两千多块，在外面随便找个啥工作都有两三千。”据厂区内小卖部老板娘说，近期打工人员确实少多了，生意惨淡。厂区保安表示因为受疫情影响，订单和原材料到不了位，富士康工人不能加班，导致工资太低，很多人熬不住，就选择了离开另谋出路。@易视频V #富士康因不加班工资低掀离职潮# 大家怎么看？http://t.cn/A6Ar45tZ ,2020-05-14 16:43,73,6,42
J1T386NRZ,#中国3分钟#【网购、直播、买买买：中国消费热情重新释放】随着本土疫情逐步得到有效控制，从二季度开始，中国民众在多种多样的商家补贴、促销活动的刺激下，开启了“买买买”模式。本期《中国3分钟》聚焦中国政府与企业为刺激消费而举行的丰富的购物节促销活动，并关注直播带货等新兴消费形式的热潮。http://t.cn/A6Ar2UAr ,2020-05-14 15:03,19,2,5
J1RthyXVT,【湖北一线抗疫医生携儿子跳楼 卫健委：或因家庭矛盾】5月12日，湖北宜昌一小区发生跳楼事件，死者是一对父子。父亲马麟（化名）是宜昌市中医医院一名医师，曾参与抗疫一线救治工作，儿子年仅6岁。关于死因，宜昌市卫健委消息称，系家庭矛盾，警方已介入调查，目前卫健委、政府办和医院正在积极协商善后处理方案。http://t.cn/A6ABjCmL [组图共2张] 原图 ,2020-05-14 11:02,33,3,22
J1Iy7nHJ4,【因疫情停工4个月，丽江一#幼儿园开包子铺自救#】5月12日，云南丽江，一处办了20多年多民办幼儿园目前有70多名教职工，因疫情关系，至今仍未复工。幼儿园每个月至少需要30万，她们开起了包子铺生产自救。现在每天平均能卖70单，顾客大多是学生家长。一手video的秒拍视频  ,2020-05-13 12:19,44,14,16
J1qp5hbLu,"【#杭师大再现肖申克的救赎#，同学游护校河""翻墙""出去】5月10日，浙江杭州，由于疫情防控高校实行封闭式管理，杭州师范大学因三面环河没有围墙，一名学生竟游泳出去，全程被监控拍下。11日，杭州师范大学发博称学生已经返校。学院已对学生开展批评教育，并按相关条例处理。网友调侃：接下去水路已经行不通了，同学们可以考虑下空运。#杭师大版肖申克的救赎#   @易视频V http://t.cn/A6ARKlYC ",2020-05-11 14:08,137,5,23
J1pgHbCZV,"【LV老板损失超2000亿在中国狂涨价 网友:这是""抢钱""】受疫情影响，奢侈品牌LV股价下跌19%，老板贝尔纳·阿尔诺净资产缩水超300亿美元（超2000亿人民币），比世界上任何其他人损失的钱都要多。而今年3月以来，LV全线产品两次涨价。至于涨价地区除中国外是否还包括其他地区，客服称“不能确定”。对于涨价原因，客服也表示“不清楚”，并称“品牌有时会根据税率涨价”。对于如此频密的涨价行为，有网友用“丧心病狂”来形容，感觉如同“抢钱”。http://t.cn/A6ZCW1gj [组图共3张] 原图 ",2020-05-11 11:14,171,32,110
J0Ee9o1KG,"【美华裔科学家遇害 生前研究新冠将取得""重大发现""】当地时间5月2日，美国宾夕法尼亚州一名华裔医学研究人员被发现家中遇害，其所就职的高校称，该男子对新冠病毒的研究工作即将取得“重大发现”。据悉，死者名为刘冰（Bing Liu，音译），37岁，在家中遇害，头部、颈部和躯体都有明显枪伤。警方表示，会继续调查嫌犯的作案动机，似乎没有迹象表明，刘冰的死亡与他的研究工作有关系。而且警方也不认为有嫌犯在逃。http://t.cn/A6Aomvfi 原图 ",2020-05-06 11:29,206,33,47
J054Zx4HZ,北方多地发布高温预警，一些地方已经热上了35℃。炎热夏天快到了，疫情却还没有彻底结束的迹象，在一些温度较高的国家，疫情仍然很严重。高温天气能否成为疫情最后终结者？本期@硬核看板 视频7分钟，来探讨一下气温与疫情的关系。#视频新星榜#  硬核看板的微博视频  ,2020-05-02 18:00,10,6,2
IFV7V350J,#致敬每一个劳动者#向疫情期间坚守在各个岗位上的一线劳动者致敬！哪里来的岁月静好，只是有人为你负重前行。正是这些“无名英雄”的奉献，成就了我们伟大中国的今天，让我们一起向身边的英雄致敬！ 网易新闻客户端的微博视频  ,2020-05-01 23:08,18,7,5
IFPXO3iyN,#致敬每一个劳动者#她们是剪掉秀发，不惧生死抢救生命的医护工作者；他们是在运送物资路上，神情疲惫却意志坚定的司机师傅；他们是在社区、乡村一线，为居民采购生活必需品的社区工作者……正是这些“无名英雄”的奉献，成就了我们伟大中国的今天！哪里来的岁月静好，只是有人负重前行。在这个特别的劳动节里，让我们一起向疫情期间坚守在各个岗位上的劳动者致敬！ [组图共9张] 原图 ,2020-05-01 10:00,33,114,13
IFI7ngFcb,【浙江女留学生从英国飞回隔离 短短数日500万被掏空】3月17日，在英国留学的小李收到自称是英国签证中心的邮件，称小李涉嫌在英国非法打工，需要缴纳70万元保证金。随后又接到英国爱丁堡警察局的电话，让她分两次继续缴纳300万元保证金。对方让小李提供支付验证码，分多次转走280多万元。疫情期间，小李乘飞机回国在西安隔离观察，接到自称是上海警察的诈骗电话后，又去西安交通银行配合骗子将账户解冻，多次被转走账户内200多万元，还找同学凑了几十万元的钱给骗子转账过去。至目前为止，小李在英国、西安等地共计被骗了500多万元。http://t.cn/A6Ab9Qgm 原图 ,2020-04-30 14:01,687,61,160
IFzFQiZAM,【北京：国内低风险地区的进京、出差返京人员不再居家隔离观察14天】4月29日，北京市第96场新冠肺炎疫情防控工作新闻发布会召开。北京市政府副秘书长陈蓓表示，自4月30日零时起，将北京市突发公共卫生事件应急响应级别由一级响应调整为二级响应。北京将科学有效对防控侧率进行调整。人员进出防控措施方面，北京继续对境外及国内高风险地区返京人员严格管理的基础上，对国内低风险地区的进京、出差返京人员不再要求居家隔离观察14天，正在居家集中观察的可以解除观察，其中不包括境外回来的和湖北、武汉回来的人员以及其他省市高中风险进京的人员。北京：国内低风险地区的进京、出差返京人员不再居家隔离观察14天 央视新闻的微博视频                                  ,2020-04-29 16:31,22,23,14
IFxK1k2Ot,【美国传染病专家福奇:几乎确定新冠病毒会卷土重来】当地时间4月28日，美国首席传染病专家安东尼·福奇在被问及今年晚些时候是否会有第二波新冠肺炎疫情来袭时，他表示“几乎确定它还会回来”。福奇称，目前病毒仍在全球扩散，现在已经出现在了撒哈拉以南的非洲地区。“它不会从星球上消失的。”他警告...全文 原图 ,2020-04-29 11:36,24,7,13
IFeUYrDfr,【#重症救治三剑客转战黑龙江#】在武汉已坚守三个多月的著名重症医学专家童朝晖、邱海波、杜斌转战黑龙江，分享武汉疫情防控经验。没有鲜花，没有水门，他们悄然离开，直奔下一个一线！愿早日凯旋！转！致敬！#致敬每一个劳动者# 央视新闻的微博视频  ,2020-04-27 11:41,53,9,8
IEFDAldwg,【美国人要求解除隔离：科学家危言耸听，他们什么都不懂】当地时间20日，在美国宾夕法尼亚州议会大厦前，聚集了大批民众要求政府解除隔离措施，他们认为“家里蹲”减少了自己的经济收入，还非常“不美国”，有民众认为新冠肺炎不过是一种流感罢了，科学家对疫情的判断都是危险耸听，实际上他们什么都不懂。  http://t.cn/A6w16tjE ,2020-04-23 17:52,167,51,98
IECVCzjex,#帮帮这届毕业生#【#四成毕业生未拿到offer# “职为2020” 助力大学毕业生上好青春就业大课】“受疫情影响，我们这一届就业遭遇了很多困难。”武汉职业技术学院一位应届生说道。据了解，今年应届生874万人，疫情的影响下，超四成毕业生未拿到offer。4月22日，未来网主办了“职为2020大学毕业生成长计划公益行动”向社会发出呼吁，希望更多企业为大学生提供就业岗位，更多网络平台提供线上招聘不打烊的就业帮扶。 #这届毕业生究竟有多难#  http://t.cn/A6wu0iQw [组图共6张] 原图 ,2020-04-23 10:58,36,6,16
IEtHZxVif,【孩子早餐不许喝粥被质疑是崇洋媚外 张文宏回应了】4月15日，复旦大学附属华山医院感染科主任张文宏出席防控疫情讲座时表示，孩子要吃高营养、高蛋白的东西，“准备充足的牛奶、鸡蛋，早上不许吃粥”，被部分网友认为这是崇洋媚外。张文宏对此回应，针对病毒的抗体药全部是蛋白质，重症转轻症最主要的一点要保证营养和蛋白质，这时候，光靠粥和咸菜就麻烦了。而且，中国人最喜欢喝鱼汤，鱼渣也要吃掉，都是蛋白质。http://t.cn/A6wE98ou [组图共2张] 原图 ,2020-04-22 11:30,350,20,102
IE4NvyOmv,【#湖北男子偷藏200只野鸟# 尸体塞满2个冰柜】4月18日，湖北襄阳市公安局通报，前几天在襄城卧龙镇一户居民家的冰柜里，竟还藏着200多只说不请来路的野生鸟类。市民报警说，襄城卧龙镇黄河村村民袁某的家门前，经常出现各种鸟类羽毛，怀疑其私下在用网粘鸟。民警赶到袁某家后，发现其家中的两个冰柜塞满了野鸟尸体。#新冠肺炎#疫情发生以来，禁止滥食野生动物成为所有人的共识。我国已全面禁止野生动物交易、食用行为。这种偷猎偷食野生动物的行为实在可恶！ @网易新闻视频版 http://t.cn/A6wlVwZk ,2020-04-19 20:05,67,10,21
IDA1T69QC,【从美返哈尔滨22岁女留学生为何未集中隔离？官方回应了】黑龙江省卫健委通报，14日新增的8例本土确诊病例，至少7例与此前美国返回哈尔滨的人员韩某引发本地疫情传播相关。韩某系女性，22岁，是从美国回哈的留学生，并因公告中“共同生活居住在此”引发各种描述韩某与曹某关系的传言沸沸扬扬。至于韩某为何是居家隔离，而没有被集中隔离，官方表示韩某系3月19日从美国返哈，按3月20日前规定，只对韩国、日本、伊朗、意大利入境人员集中隔离。http://t.cn/A6w6do7d 原图 ,2020-04-16 13:45,39,7,34
IDsx67Clz,【暖心! #雷神山千幅涂鸦画#记录3000名医护68天抗疫故事】4月15日，武汉#雷神山医院正式休舱# 。医院内消毒后，工作人员拍下记录了各地援鄂医疗队抗疫故事的涂鸦画。据统计，各地援鄂医疗队在雷神山共留下了上千幅画，每幅画都记录着医疗队员们68天的点滴生活，每一面墙就是一段抗疫故事。据相关负责人介绍，医院拆除之后，#雷神山涂鸦墙将由博物馆收藏# 。@网易新闻视频版  http://t.cn/A6wiIcat ,2020-04-15 18:40,30,6,2
ID6R4s8YK,【张文宏：下一波疫情可能11月来，这些国家很难度过下一个冬季】上海新冠肺炎医疗救治专家组组长、华山医院感染科主任张文宏表示，11月份以后会面临巨大的挑战，下一波的疫情可能会在11月份左右到来。南美洲、非洲、东南亚都开始出现疫情的暴发，按照现在的数学模型来统计，在今年的夏天，我们把这个病毒完全清除是不可能的。像非洲、南美等医疗资源不充分的国家，可能真的很难度过下一个冬季。http://t.cn/A6w5rYtB 原图 ,2020-04-13 11:29,31,20,24
ID6pn3pr7,【#湖北销毁4600万只问题口罩# 竟用卫生纸冒充滤芯】4月9日下午，湖北仙桃市集中无公害销毁了100万片不合格口罩。因疫情期间原材料紧张，不良商家竟然用卫生纸冒充熔喷布，用来生产口罩滤芯，这样的口罩根本无法起到防护作用。现场检验显示，正规口罩内层不渗水，难以燃烧，而假冒产品渗水严重，点火后一下就烧完了。截止当天，仙桃市公安局、市场监督管理局等部门共取缔非法小作坊273家，扣押不合格口罩已达4600多万片，涉案价值近1亿元。据市场监管局工作人员介绍，首批被销毁的口罩多为外包装全英文，假冒出口产品，然后转为国内销售，欺骗消费者。#湖北仙桃查处4600万片问题口罩#  @网易新闻视频版  http://t.cn/A6wqMICx ,2020-04-13 10:21,70,19,24
ICFSRy5dS,疫情期间，外国人不单单囤厕纸、肥皂，还疯抢罐头！罐头在国外成了稀缺货，但罐头在中国人的生活里为什么没有存在感？@硬核看板 9分钟知识视频，讲讲罐头为什么“过气了”，原来我们对罐头的误解太大了。硬核看板的微博视频  ,2020-04-10 14:49,44,9,23
ICyLXz3cs,"【没手机上课的孩子，主动捐款的客服…编剧弦子谈""疫情局外人""】弦子是土生土长的武汉姑娘，从小生活在这座江城，大学毕业后因为工作定居在北京，2018年曾因一场涉及到知名主持人的舆论风波受到关注，而后一直为女性权益发声。疫情期间武汉封城，她与家人分隔两地。作为一名武汉人，家乡发生疫情后，她组织朋友一起向湖北医院捐赠物资，也在网络平台帮助他人发声。@弦子与她的朋友们 向圆心谈到了做志愿者的经历>> http://t.cn/A6wzIlAT ",2020-04-09 20:43,112,107,3
IClEUoQhx,【这是一条有味道的视频！ 你买的#螺蛳粉# 为啥一直没发货？】 你知道疫情期间，淘宝上买的最多的美食是啥吗？不是方便面，也不是自热火锅，而是螺蛳粉！吃货们高涨的热情硬是把螺蛳粉给买脱销了。你下单了吗？想知道为啥卖家一直没发货吗？卖到脱销的背后又藏着哪些秘密？#螺蛳粉还不发货##螺蛳粉自由# http://t.cn/A6ZFKQaV ,2020-04-08 11:20,12,5,9
ICd4i0aVq,【魔性PPAP再登台，这次是抗疫洗手歌】4月4日，日本搞笑艺人Piko太郎发布由其成名曲《PPAP》改编的同名抗疫洗手歌，取意“Pray-for-People-And-Peace”，为人民与和平祈祷。澎湃新闻的微博视频  ,2020-04-07 13:28,79,28,21
ICbpreNX2,【约翰逊被送入ICU 特朗普:已派最好的公司帮他治疗】当地时间6日晚间，英国首相府表示，首相约翰逊新冠肺炎病情恶化，转入重症监护病房。在同一天的白宫新冠疫情记者会上，美国总统特朗普谈及此事，表示他和几家制药公司已经联系了约翰逊在伦敦的医生，看看他们是否能够提供帮助。约翰逊被送入ICU 特朗普:已派最好的公司帮他治疗  原图 ,2020-04-07 09:14,125,7,68
IBMIKoytP,【三个月，新型冠状病毒带走了什么】清明节，#4月4日举行全国性哀悼活动#。为了追悼在抗疫一线牺牲的烈士，追思那些逝去的生灵。我们做了一期特别节目，来讲讲这三个月来，新型冠状病毒到底带走了什么。@解释X-PLAN  解释X-PLAN的微博视频  ,2020-04-04 18:23,41,16,9
IBzPwa4uR,【国务院：4日举行全国性哀悼活动 全国下半旗志哀】为表达全国各族人民对抗击新冠肺炎疫情斗争牺牲烈士和逝世同胞的深切哀悼，国务院今天发布公告，决定2020年4月4日举行全国性哀悼活动。在此期间，全国和驻外使领馆下半旗志哀，全国停止公共娱乐活动。http://t.cn/A6ZjQClv ，全国人民默哀3分钟，汽车、火车、舰船鸣笛，防空警报鸣响。http://t.cn/A6ZjQCTp 原图 ,2020-04-03 09:34,149,12,23
IB8vGxelz,【2020年全国高考延期至7月7日至8日 湖北、北京待定】经党中央、国务院同意，2020年全国普通高等学校招生统一考试（以下简称“高考”）延期一个月举行，考试时间为7月7日至8日 。具体科目考试时间安排为:7月7日，语文9:00至11:30；数学15:00至17:00。7月8日，文科综合/理科综合9:00至11:30；外语15:00至17:00。湖北省、北京市可根据疫情防控情况，研究提出本地区高考时间安排的意见，商教育部同意后及时向社会发布。http://t.cn/A6Zay3p3 原图 ,2020-03-31 12:01,9,9,9
IB1sx7ROS,【#留学生被拉到洗浴中心隔离# 有女生过敏，脸部红肿】3月27日，山西太原，留学生反映称， 她们被安排到洗浴中心隔离。因卫生条件差，有女生严重过敏皮肤红肿。该留学生所拍摄视频和图片显示，她们的房卡是洗浴手牌、房内水壶生锈、床单有脏污。#太原隔离酒店脏乱差#晋源区疫情防控办则表示，因时间紧，酒店少，不得已才作此安排，对留学生反映将向上汇报。留学生爆料称，工作人员原先称将其安排在西峪东街的格林豪泰酒店，但是最后却把他们拉到一家名叫滨江浴苑的洗浴中心。询问原因也不予理睬。而进房间门的房卡也是洗浴中心的手牌。  #留学生被拉至洗浴中心隔离# @网易新闻视频版  http://t.cn/A6ZJ4MPs ,2020-03-30 18:04,968,36,374
IAYKertXt,【中超球员发千字长文谈减薪:不是说挣得多就得牺牲】武汉卓尔球员艾志波针对最近有关球员该不该减薪的问题，发表自己的看法：国内大多数球队除了疫情严重时，大部分时间还是在正常训练准备冬训，正常上班不给发（薪水），有点不好开口；疫情面前人人平等，相信很多人会愿意牺牲自己，但这个牺牲是不能分职业贵贱的，不能说你比我挣得多，要牺牲只能是你，而我不可以，那才不叫做公平。针对足坛捐款问题，他表示，好多人都低调捐款捐物，“没有报道的就是没有做？”http://t.cn/A6ZxSz3L 原图 ,2020-03-30 11:09,2329,27,455
IAAxupJEY,#同心抗疫为爱而行## 留学生该不该回国# #新冠特效药还有多远#@微博节目回程航班5人确诊，路途辗转36小时，本期节目连线身处隔离中的@花总丢了金箍棒，他为我们讲述了自己兵荒马乱的回国之路，并呼吁眼下不要扎堆回国。家是所有人的温暖港湾，在这个特殊时期更是如此。让我们多一点理解，也多一份宽容，彼此的爱与共同的团结就是我们战胜困难特效药。@叁棱镜video  http://t.cn/A6Z48W3L ,2020-03-27 21:32,1007,187,131
IAw2oDE1I,【英国留学生辗转51小时回国：全程穿防护服戴口罩】疫情影响，一名英国留学生历经51个小时，辗转英国、德国，从天津入境，最终到达西安的酒店进行隔离。他说，回国途中全程穿戴防护服、护目镜、口罩等，不敢喝水吃饭，回国后很安心，“每个医护人员都说欢迎回家”。http://t.cn/A6ZLD3u5 http://t.cn/A6Z2BHXf ,2020-03-27 10:04,63,4,20
IAdlBkEuC,#4月8日武汉解除离鄂通道管控#还有半个月那些留守武汉的小动物们终于可以和主人相见了！在这座城市因为疫情封闭之前，原本计划三五天就归来的主人们，还没有真正意识到自己与家中宠物再次相见的日子已遥遥无期。疫情当前，似乎一切目光都聚焦在人的身上，但无论是那只怀孕的加菲猫，还是那只颇通人性的小香猪，也都是独一无二的生命。在《即时通话》节目中，连线人丹丹对话武汉市小动物保护协会会长杜帆——那些留守武汉的小动物们究竟如何了？@叁棱镜video http://t.cn/A6zsNu3c ,2020-03-25 10:30,106,21,17
IAdj50tpx,【企业送“福利”向医疗队售原价茅台酒 媒体：厚颜无耻】据报道，贵州白酒交易所针对援鄂医护人员，推出“定向”福利，将按1499元/瓶的价格，对贵州援鄂医疗队每人直供飞天茅台酒6瓶。此次贵州省共派出9批医疗队，共计1441人支援湖北抗击疫情。若每人足额购买6瓶，贵州白酒交易所出货共计8646瓶，每瓶1499元，成交额将达12960354元。商有商道，一个企业做生意挣钱，却打着“福利”的招牌，就有点“厚颜无耻”了。http://t.cn/A6ZhUjNg [组图共2张] 原图 ,2020-03-25 10:23,100,14,71
IA4kPvxws,【山东疫情防控人员被殴打致死 警方:涉事者仅15岁】2020年3月23日10时许，泰安市公安局岱岳分局接群众报警称，在粥店农贸市场有人被打。接报后，民警迅速出警开展现场处置工作。经初步调查，在该市场出口处，宋某某(男，15岁，岱岳区人，市场业户宋某某之子)欲引导送货车辆进入该市场，市场承包方工作人员李某某(男，73岁)、陈某某(男，33岁) 进行阻拦，双方发生口角并发生肢体冲突。期间，李某某倒地，被120送往医院抢救，经抢救无效死亡。目前，宋某某及相关涉事人员已被警方控制，案件正在进一步调查。http://t.cn/A6zsvZ0r 原图 ,2020-03-24 11:33,68,10,38
IzZcReYJD,#深夜尬聊# 疫情结束后，你最想吃的东西是什么？  原图 ,2020-03-23 22:30,43,4,26
IzX8vCOtb,"【社区回应""允许洋女婿居家隔离"":未违规 将安抚居民】针对英国籍男子回沪后拒绝集中隔离一事，3月23日，上海市静安区三泉路居委会所属的彭浦新村街道办事处回应称，三泉路居委会允许涉事外籍男子居家隔离的做法，符合上海疫情防控的有关规定，“他（涉事英国籍男子）能从机场出来，肯定也是经过机场一定的检测流程。可能有一些具体防控流程没有披露引起了误解，居委会的做法并未违规。”3月14日，一位去过德国、法国、瑞士，最终通过中国台北转机回到上海的英国籍女婿，在回到社区后，丈母娘和他刚坐完月子的妻子都希望他去集中隔离点进行医学观察，以免影响2个月大的孩子，但遭到男子拒绝。家属沟通无效后，三泉路517弄居委会负责人协调由其妻子带着母亲和女儿住到亲属家，房子留给该外籍男子单独居住，进行居家隔离。http://t.cn/A6zDTh60 原图 ",2020-03-23 17:13,532,26,89
IzWdBoKXq,"【麦当娜曝争议言论 称新冠病毒是""最伟大的均衡器""】据外媒报道，麦当娜近日在个人社交网站晒出视频，称冠状病毒为“伟大的均衡器”。她表示，“它不在乎你有多有钱，你有多出名，你有多有趣，你有多聪明，你住在哪里，你多大了，你能讲多少令人惊奇的故事。这是一个伟大的均衡器，它的可怕之处在于它的伟大之处。可怕的是，它使我们在许多方面都平等，而奇妙的是，它使我们在许多方面都平等。”据悉，麦当娜目前正在伦敦与男友和女儿隔离。http://t.cn/A6zDIXOJ 原图 ",2020-03-23 14:53,337,31,95
IzDd521NB,【致敬，#与死神打交道的采集人员# ！】来自福建援鄂医疗队的雷乐莺，是一名咽拭子采集组长。她每天要近距离接触患者，确诊新冠肺炎以及确定感染者是否达到治愈出院标准。像这样的高危采集工作，她每天会重复70余次。@新华网 联合@网易新闻 ，共同打造疫情故事栏目#让TA来告诉你# 这一次，让我们听@張鈞甯 讲述，一同见证奋战在抗“疫”一线中，每一位平凡英雄的真实故事。#张钧甯讲述战疫故事# @网易新闻客户端 @上流君 @网易健康  http://t.cn/A6z3xXyO ,2020-03-21 14:30,19,4,2
IzvB7EJC4,【海外华人亲述：曾因戴口罩与当地人争执，若回国路上更危险】#意大利疫情##海外抗疫日记#新冠肺炎全球疫情蔓延，欧洲“沦为”震中。目前意大利疫情发展迅速，从最初的两例一路飙升至数万例，确诊人数居欧洲首位，最近每日以4位数的人数新增。在漫天的媒体报道中，我们看到的是被搬空的超市货架、空荡荡的罗马许愿池，以及各地层出不迭的“全民阳台音乐会”。不少国内人疑惑意大利人为何不爱戴口罩？民众受到疫情多大的影响？疫情是否有缓解的趋势？@岱琳 @五更希洛 @赵小轩ZX @Geniebazinga，四位在意华人这样说。http://t.cn/A6znHmVI http://t.cn/A6znHmVf ,2020-03-20 19:07,137,28,36
IztdkoXYQ,【北京奔驰女不配合疫情防控 还污蔑警察非礼她】北京某小区，一名女子拒不出示出门条，不配合测量体温，企图直接驾驶奔驰越野车闯卡。民警赶到后，她在众目睽睽下大喊警察非礼，称要让律师起诉民警，并锁上奔驰车要离开现场，全然不管自己的车堵住了大门。情绪恢复平静后，女子表示自己是一家公司的老总，突发的疫情把公司规划全打乱了，心情很是糟糕，把怨气撒在了防疫工作人员和民警身上。最终，晋某因阻碍执行职务被警方行政拘留。http://t.cn/A6zEWSZv [组图共6张] 原图 ,2020-03-20 13:03,366,47,144
Izt0J8dxM,【多地新增病例清零，他们仍#坚守到战疫最后一刻#】冬去春来，万物复苏，各地复工复产有序进行中。然而在湖北等地，依然有很多医生、护士、警察，志愿者等仍旧坚守在防疫阵地。@新华网 联合@网易新闻客户端 ，共同打造疫情故事栏目 #让TA来告诉你# 。这一次，让我们听@沈腾 讲述，一同见证这些“逆行者”的战疫故事！#沈腾讲述战疫故事#@网易新闻客户端 @网易健康  http://t.cn/A6zE6IPz ,2020-03-20 12:32,19,1,7
Izsi1sHYb,【特朗普讲话稿“新冠病毒”被手写改为“中国病毒”】美国总统特朗普19日在白宫新闻发布会上的讲稿被拍下，照片显示，稿件中的“新冠病毒”被划掉，手写改为了“中国病毒”。CNN报道称，随着美国新冠病毒感染人数的与日俱增，特朗普开始改变调门，努力想把中国当成“替罪羊”。在咨询过医学专家以及参考世卫组织的指导意见后，CNN认为，“中国病毒”这个说法不准确而且是污名化。http://t.cn/A6zE2uqf 原图 ,2020-03-20 10:42,145,15,56
IzmclcJjb,【国家监委调查组公布李文亮医生相关问题的调查结果】2020年2月7日，国家监委成立调查组，就群众反映的涉及李文亮医生的有关情况依法开展调查。现将调查情况通报如下：2019年12月，湖北省部分医院陆续收治了一些不明原因的肺炎病人。12月27日，湖北省中西医结合医院张继先医生向医院报告了其接诊3例不明原因肺炎患者情况。当天，武汉市疾控中心安排进行了流行病学调查和检测。12月29日，湖北省中西医结合医院又报告发现4例来自于华南海鲜市场的不明原因肺炎病例。武汉市卫健委组织专家团队进行调查，并于12月30日15时10分、18时50分在系统内下发《关于报送不明原因肺炎救治情况的紧急通知》等两份部门文件，要求做好不明原因肺炎救治工作，全面开展华南海鲜市场相关肺炎病例搜索和回顾性调查。该两份通知分别于当天15时22分和19时许被人上传到互联网上。2019年12月30日17时30分左右，李文亮医生收到同事发给他的信息，17时43分，李文亮医生在微信群中转发、发布“华南水果海鲜市场确诊了7例SARS”“在我们医院后湖院区急诊科隔离”等信息。18时42分，又在该群发布“最新消息是，冠状病毒感染确定了，正在进行病毒分型”“大家不要外传，让家人亲人注意防范”。按照武汉市关于不明原因肺炎疫情防控工作安排，武汉市公安机关依据传染病防治、治安管理等法律法规，以及市卫健委的情况通报，对在网上出现的转发、发布SARS等传染病信息情况进行了调查处置。2020年1月3日13时30分左右，武汉市公安局武昌分局中南路派出所与李文亮医生联系后，李文亮医生在同事陪同下来到该派出所。经谈话核实后，谈话人员现场制作了笔录并对李文亮医生制作了训诫书。调查通报详细公布了李文亮医生的发病、治疗、抢救以及抚恤、善后等情况。组织抢救的医生说，李文亮医生是我们的同事，又很年轻，我们不希望他走，只要有一点希望我们就不愿放弃，当时没有想其他任何因素，就是想救活他，所以抢救了很长时间。据为李文亮医生会诊的院外专家讲，从李文亮医生病案看，医院治疗比较规范，能够根据病情调整药物和措施。医院建议采取和实际采取的重要医疗措施，均征求了李文亮医生或其家属意见。调查组的工作建议是：由于中南路派出所出具训诫书不当，执法程序不规范，调查组已建议湖北省武汉市监察机关对此事进行监督纠正，督促公安机关撤销训诫书并追究有关人员责任，及时向社会公布处理结果。http://t.cn/A6z8GoMo 原图 ,2020-03-19 19:11,427,57,289
IzmbG5dRQ,新冠疫情蔓延全球，在这支6分钟的视频里，我们梳理了2个月来日本、韩国、意大利、伊朗的疫情发展节点，让你看懂日韩两国是如何逐渐控制疫情，意大利伊朗又是如何相继“沦陷”的。  网易新闻客户端的微博视频  ,2020-03-19 19:10,43,25,8
IzldBq5WZ,"【澳籍""跑步女""被辞退 警方：注销工作许可 限期离境】北京市公安局出入境管理局依据相关规定，决定依法注销梁某妍工作类居留许可、限期离境。梁某妍，女，47岁，澳大利亚籍，就职于拜耳医药保健有限公司。3月15日下午，本应在租住地居家观察的梁某妍，未戴口罩在小区内跑步，社区卫生防疫工作人员发现后进行劝阻，但该人情绪激动，拒不配合。民警到场后，对梁某妍进行了批评教育，要求其严格遵守疫情防控相关规定，梁某妍表示服从管理，未再外出。梁某妍的行为在网上曝光后，所在公司对其辞退处理。http://t.cn/A6zQuBSE 原图 ",2020-03-19 16:42,136,18,49
IzjVDDjg6,【坚守疫情一线！#高速路上的守门人#】疫情防控以来，来自河北雄安新区雄县的公安、交通、卫生检疫部门的十二位同志，不分昼夜地轮守在高速路口。他们，把疫情拦在身前，把群众护在身后。@新华网 联合@网易新闻客户端 ，共同打造疫情故事栏目#让TA来告诉你#。这一次，让我们听@陈数 讲述，一同见证这些平凡英雄的抗“疫”故事。#陈数讲述战疫故事#@网易新闻客户端 @上流君 @网易健康 http://t.cn/A6zQZr4n ,2020-03-19 13:25,22,0,6
Izj92daRm,"【特朗普称新冠病毒""中国病毒"" 世卫：不应同种族联系】世卫组织新冠肺炎例行发布会上，世卫组织卫生紧急项目负责人迈克尔·瑞安针对美国总统特朗普称新冠病毒为“中国病毒”做出回应：病毒没有国界，不区分种族肤色和财富。我们在语言使用上要小心，应避免把病毒同个人联系在一起。我相信任何人都会后悔把病毒同种族联系在一起。2009年（H1N1）流感大流行是始于北美，我们也没把它称作北美流感。所以当遇到其他病毒时，我们采用同样的命名方式，避免同地域联系。http://t.cn/A6zHm9rC 原图 ",2020-03-19 11:25,52,3,23
IziLAFiaO,"【疫情当头社区大妈竟组团去欧洲 遭网友""人肉""恐吓】据台媒，台湾省新北市中和区瓦磘里长林绮芳，在欧洲疫情爆发期间，仍在社区里民的群组里号召，20人组团前往西班牙及葡萄牙旅行。事发后，林绮芳紧急关闭“脸书”，并提前返回岛内。但林绮芳表示，连日来遭到岛内网友“人肉”，甚至有人恐吓“叫我去死”。她透露，家人受到很严重安全威胁，“很对不起家人”。http://t.cn/A6zHOIGQ [组图共2张] 原图 ",2020-03-19 10:27,15,1,14
Iz9MkCf8F,【痛心！#郑州社区民警牺牲在战疫一线# 】奋战抗疫一线17天，郑州市公安局东风路分局社区民警樊树锋因劳累过度，晕倒在工作岗位，2月19日抢救无效离世。@新华网 联合@网易新闻客户端 ，共同打造疫情故事栏目 #让TA来告诉你# 。这一次，让我们听周深@卡布叻_周深 讲述，一同见证和铭记这位平凡英雄最后的抗“疫”故事。#周深讲述战疫故事# @网易新闻客户端 @上流君 @网易健康http://t.cn/A6zjIUqv ,2020-03-18 11:34,313,29,61
Iz2eUw3Ch,【艺人黄智博假借卖口罩诈骗获刑3年3个月 当庭悔罪】乐华娱乐前旗下艺人黄智博，涉嫌在疫情期间以“卖口罩”为名实施诈骗一案，今日开庭宣判。被告人黄智博因犯诈骗罪，被判处有期徒刑3年3个月，并处罚金1万元。他表示自己无工作，没有收入，诈骗的钱“用于消费”，因一时冲动拉黑被害人，曾想退赔，但未来得及退赔，就被公关机关抓获。黄智博当庭道歉称，自己已知错，不希望因自己，影响父亲身体。http://t.cn/A6zO15Su [组图共2张] 原图 ,2020-03-17 16:23,76,4,34
Iz1EbpYsV,【“很糟糕、很糟糕” 特朗普态度终于变了】当地时间16日下午，美国总统特朗普公布了更为严格的防疫指导意见，建议美国人今后15天避免10人以上聚集。特朗普表示，疫情可能会持续到七八月份或更晚，“很糟糕、很糟糕，我们期待能出现最好的情形，而不是最坏的。”特朗普说，美国政府准备采取任何必要的措施，或考虑在“热点地区”采取隔离、宵禁等举措，但暂不考虑在全国施行。http://t.cn/A6zO9l1a 原图 ,2020-03-17 14:52,136,17,48
Iz141fRg6,【最美逆行！驰援武汉的女护士长】原本计划除夕回武汉娘家的护士长李君，毅然加入了支援湖北的医疗团队，两个月坚守一线未曾见过家人。@新华网 联合@网易新闻客户端 ，共同打造疫情故事栏目#让TA来告诉你#。这一次，让我们听许光汉@許光漢GregHan  讲述，一同见证这位李君护士长，真实的战“疫”故事。#许光汉讲述战疫故事#   @上流君 @网易健康 http://t.cn/A6zOwqSq ,2020-03-17 13:23,589,46,135
Iz0KElUcB,【太严吗？格力员工聚会被董明珠开除！连领导也被免掉】董明珠近日在直播中表示，有员工在疫情期间聚餐，我们把他开除了，也把他的领导免掉了。因为当时规定不准聚会和聚餐。在这个特定的环境下，你尊重这个制度，不仅是对你自己负责，也是对别人负责。老板联播的微博视频  ,2020-03-17 12:35,164,7,36
IyVdnzCfB,#深夜尬聊# 这次疫情对你个人最大的影响是什么？  原图 ,2020-03-16 22:30,58,11,109
IyROHCbL6,【钟南山专访：目前没证据表明新冠肺炎会成为季节性疾病】1.回顾疫情：从深圳一家6口聚集性病例判断肯定有人传人现象，也从在武汉的学生处获悉了一些不太乐观的情况，到了湖北以后，进一步追问时，发现在湖北一个大医院出现了医务人员感染。在1月中，湖北省的实际情况，远比当时公开或新闻报道的要严重。2.防控复盘：如果封城推后5天，全国到3月份后的发病峰值应该是17万。早期的科学防控、预警极为重要，必要的紧急情况下，CDC应该有权力直接向社会发出预警。建议提升CDC地位。3.重要判断：新冠肺炎成为季节性流行病的证据还不足 。4.传染率、致死率：从传播指数来看，流感的传播指数接近1.5，SARS是2-2.5，新冠肺炎接近3，新冠肺炎的传播率更高。SARS的病死率接近10%，MERS接近30%，如果积极防控，目前新冠观察到数据在1%左右，新冠肺炎的病死率要低许多。5.治疗经验：摸着石头过河，国外同行也在跟我们索取诊疗技术方案。我们中国的救治经验对国外也有一定的指导作用。http://t.cn/A6z9i32v http://t.cn/A6zC5UDX ,2020-03-16 13:51,65,17,30
IyRM3mBso,"【武汉一濒死非新冠患者:病危通知书上写""人财两空""】2月28日至今，汪冰每天都会接到丈夫的病危通知书。那些医疗术语很陌生，但最后一行字，让双手一次又一次地发抖：“病程中随时可能呼吸心跳骤停死亡，最终预后差，人财两空。”2月16日，丈夫方立强“黄疸肝炎”病发，本来简单住院10天即可康复出院的疾病，面对突如其来的疫情，武汉的医疗资源悉数倾斜，丈夫从轻症一步步拖到病危。大半个月里，汪冰寻遍武汉各大医院，曾在围挡的缝隙中，看到过那些有能力收治丈夫的医院大楼，一次次试图入院却被拒之门外。或者，是面对那些因为过道里躺着危重患者，而无暇顾及的医生……http://t.cn/A6zCGDBW [组图共5张] 原图 ",2020-03-16 13:44,618,49,135
IyRJNyeaY,【五一调休增为5天小长假 专家:或迎第一个旅游高峰】3月13日，央视网发布关于2020年放假调休日期的具体安排，其中劳动节放假安排为：5月1日至5日放假调休，共5天，引发网络讨论“是否为恢复五一黄金周的讯号”。中国旅游研究院院长戴斌对此表示，目前有关部门并没有明确表示要恢复五一黄金周。他认为，如果4月份疫情能够结束，五一假期将会迎来今年第一个旅游消费高峰。http://t.cn/A6zCb1pL 原图 ,2020-03-16 13:38,97,7,45
IyRcpEzKy,【95后女护士主动报名驰援武汉，系所属医疗队伍年龄最小的志愿者】@新华网 联合@网易新闻  ，共同打造疫情故事栏目#让TA来告诉你#。这一次，让我们听@罗云熙Leo 讲述 ，一同见证“90后”们奋战一线的抗“疫”故事。#罗云熙讲述战疫故事#  @上流君  @网易健康 新华网的秒拍视频  ,2020-03-16 12:16,5123,1608,1939
IyqG9btNw,【#飞猪万元机票只退105元# 武汉女子称投诉无门怒曝光】武汉的刘女士曾购买1月19日武汉飞马累，1月24日返回武汉的连乘机票。后来武汉发布封城消息，航班取消，因此她选择非自愿退票，重新高价购买机票回国到广州。然而3月12日，刘女士发现花了12812元买的机票，结果退款却只收到105元。因此刘女士找到卖家，结果卖家称她不符合标准，并且将她投诉账户拉黑。刘女士表示飞猪客服电话一直打不通，航空公司也联系不上，不得不网络曝光。按民航局规定，28号之前符合退票规定应该退一半费用。而飞猪平台却显示：不符合疫情退票政策。你怎么看？ @易视频  http://t.cn/A6zIZ3xM ,2020-03-13 16:45,354,31,224
IyqvA5vt3,【#大妈无微信扫码乘车被拒# 司机：车上百分之百乘客都同意才载你】3月12日晚上，贵州贵阳一位大妈因为使用老人机，没有微信，无法扫码，想乘公交遭到司机拒绝。大妈把两个大箩筐抱上车，并苦苦哀求司机:“求你一下嘛，天黑了”。但司机则拒绝，称“这么多人的安全你负责吗？” 司机称疫情期间规定乘客必须扫码，显示健康后才能乘车，自己也没有办法，最后表示如果车上百分之百的乘客都同意，就允许大妈上车。由于乘客们也不敢表态，大妈只好又背起了两个笨重的大箩筐下车了。 最终大妈打电话让儿子开车来接，并表示回家后会去社区办个健康证明。你支持司机的做法吗？如果你是车上的乘客，会让大妈上车吗？ @易视频   http://t.cn/A6zI4DVl ,2020-03-13 16:19,866,26,258
IyoObiwYP,#樱花色系海报# 昨天看新闻，武汉的樱花已经开了，网易新闻设计师用樱花色系创作了一套疫情海报，希望在这个周末，带给大家扑面而来的春天气息。@网易科技频道 @网易财经频道 @网易娱乐频道  [组图共7张] 原图 ,2020-03-13 12:00,81,38,7
IyjvorOFi,#深夜尬聊# 疫情期间，你学会了哪些新技能？  原图 ,2020-03-12 22:30,36,2,30
Iygc45a6R,【业主疫情期间把电梯当垃圾箱 被物业约谈仍不合作】近日，吉林长春。某小区业主在疫情管控期间往电梯扔垃圾。物业员工告诉澎湃新闻，已对当事业主进行谈话，但对方不合作，不排除下次报警处理。业主疫情期间把电梯当垃圾箱 被物业约谈仍不合作 澎湃新闻的微博视频  ,2020-03-12 14:04,91,15,49
IyeDutnMX,【NBA发声明正式宣布停摆:将继续研究下一步措施】据NBA官方确认，2019-2020赛季暂停。目前爵士中锋戈贝尔已被确诊为新冠肺炎，爵士和雷霆的球员都在雷霆主场内被隔离。“在今天的比赛结束后，NBA将暂停比赛行为，直到未来有更多通知。在这段停摆期，NBA将继续研究应对冠状病毒流行病的下一步措施。”http://t.cn/A6zqVUK0 原图 ,2020-03-12 10:06,7,3,11
Iy9UBEdaf,【南京秦淮区：鼓励干部带头消费 区领导不低于100元】11日，南京“秦淮区新型冠状病毒感染的肺炎防控工作指挥部”的红头文件在网络热传，鼓励“机关干部、各级领导带头消费购物支持企业共渡难关”。文件倡议，区领导本周到辖区内商贸、餐饮等企业消费不低于100元。几天前，南京市委书记张敬华“下馆子”堂食小吃的照片也在当地朋友圈刷屏，不仅获得不少商户的点赞，也鼓舞了不少市民“下馆子”的“勇气”，成为特殊时期的特殊之举。http://t.cn/A6zblOB2 [组图共2张] 原图 ,2020-03-11 22:04,23,9,54
Iy0Ep4M5k,#深夜尬聊# 疫情结束后，你打算做的第一件事是什么？  原图 ,2020-03-10 22:30,95,13,82
IxOhFtu0s,【钟南山：估计全球疫情至少延续到6月份】钟南山院士表示，估计全球疫情发展，至少延续到6月份。新冠病毒的防控重点将来会从输出转为输入，广东国际交往特别多，所以要加强边检边境检测的措施，而且要制定从国外疫区来华的措施，对他们做必要的隔离。对疫情严重的国家，广东可能要对外进行援助，包括防护、试剂、治疗技术。http://t.cn/A6zh1tOy 原图 ,2020-03-09 15:01,26,7,10
IxEweuZya,#你见过素颜最美的女生# 是什么样的呢？是那些坚守在抗疫一线的女医者。她们素颜朝天，额头、脸颊上被勒出的痕迹，是奉献者的勋章。她们勇敢、干练，用专业坚守，撑起生命的桥梁。纪实访谈节目#我是医者#今天正式上线。在这个特殊的节日，希望有更多人，“看见她力量”。最后想说：妇女节快乐，你们辛苦了。http://t.cn/A67g3vFL ,2020-03-08 14:09,13,1,1
IxEc59Wt3,#我是女人，不是超人#                                                                疫情之下，不是有所牺牲才能获得赞扬还有这样一群女性面对高压时，用身体力行向社会证明着如何用坚韧和温情守护社会和家庭。@喜马拉雅 发起#致敬女声力量#活动让更多人能去关注疫情之下平凡而伟大的女性力量！打开喜马拉雅App搜“致敬女声力量”说说疫情之后你想对那个“她”说什么？ [组图共9张] 原图 ,2020-03-08 13:19,19,4,1
IxCmwcjoH,为“战疫”巾帼传递祝福，今天全国妇联@女性之声 携手@网易云音乐 、@网易新闻客户端 推出#致敬了不起的她#歌单。http://t.cn/A67nQYFX 并邀请@石璐Atom @刘柏辛Lexie @刘惜君 @李斯丹妮 @张远Bird @武艺 @金玟岐 @宣璐 @黄绮珊 @斯琴格日乐 @蔡雅同 #用音乐致敬了不起的她#  她们挺身而出与病毒抗争，化身天使守护你我。让我们一起致敬“战疫”巾帼，用音乐传递温暖。#致敬抗疫她力量# http://t.cn/A67eglY7 ,2020-03-08 08:40,708,40,126
IxcsEus2T,#100条防疫知识#疫情肆虐，心存疑问？网易科技联合中国科协科技传播中心推出大型系列策划《疫情大考，50位科学家的100条建议》，50位科学家联合出击，囊括10大核心主题，汇聚100条科学建议，让我们用1分钟时间，学会用知识和理智武装自己，战胜疫情！第①期来袭>>  [组图共9张] 原图 ,2020-03-05 14:43,4,4,2
Ixc7pwSZq,【李文亮等34人追授疫情防控先进个人称号】国家卫生健康委、人力资源社会保障部、国家中医药管理局印发《关于表彰全国卫生健康系统新冠肺炎疫情防控工作先进集体和先进个人的决定》，表彰全国卫生健康系统防疫先进：113个集体、472位同志受表彰；追授徐辉、刘智明、李文亮等34位同志“全国卫生健康系统新冠肺炎疫情防控工作先进个人”称号，获奖个人享受省部级表彰奖励获得者待遇。http://t.cn/A67HIcpP 原图 ,2020-03-05 13:51,159,24,48
Ix3h096DB,【院方回应领导补助高于抗疫一线医护：错将临时名单公示为补助标准】网友爆料，陕西安康市中心医院抗疫一线补助不公，医院领导偶尔值班却拿全勤补助，金额远高于一线抗疫职工。医院回应，系审核不严，错将拟上报的临时名单公示为补助标准，将重新核对。目前，安康市纪监委已介入核查。http://t.cn/A67WwwMn ,2020-03-04 15:20,307,70,97
Ix1Mg88XI,【医院领导补助1天9900高于援鄂一线？纪委监委介入】有网友反映，陕西省安康市中心医院存在“医院领导抗疫补助高于援湖北一线人员”问题，甚至有的医生“上一天发热门诊就拿9900”，引发热议。目前，安康市纪委监委已成立核查组开展工作，后续情况将及时向社会公开。医院领导补助高于援鄂一线人员？当地纪委监委彻查  原图 ,2020-03-04 11:31,263,52,69
IwUwxf1IP,【220秒看日本疫情发展轨迹：从“佛系”到“采取一切手段”抗疫】1月16日日本确诊首例病例，2月29日已经累计确诊947例，这43天时间里，日本“新冠肺炎”疫情经历了怎样的变化，戳视频☞  网易新闻客户端的微博视频  ,2020-03-03 17:03,14,11,9
IwTiqdSrH,【纽约州长:新冠肺炎病例80%能自愈 没必要去医院】美国纽约州举办发布会通报新冠肺炎疫情情况，对于纽约州出现首例新冠肺炎确诊病例，纽约州长安德鲁•科莫表示，该病例并没有在医院治疗，因为80%的新冠肺炎病例都会自愈，不用去医院。“有危险的20%是那些免疫力低下，身体虚弱的老年患者。好消息是，小孩子看上去不会被感染。”http://t.cn/A67CckX8 http://t.cn/A67KnVfg  ,2020-03-03 13:56,21,19,61
IwKpvqAqy,【云南临沧师生被强制服用大锅药：紧急叫停】据网友爆料，云南临沧强制师生服用 “大锅药”，学生需服药才能报到入学。“大锅药”给出中医药预防药方，教育体育局值班人员称，对新型冠状病毒能起到预防作用。随后，云南临沧官方通报，紧急叫停该行为。市教育体育局称，本意只是“倡议”学生服用，但个别区县执行时与要求不符。http://t.cn/A67a2gdU ,2020-03-02 15:19,117,38,54
IwKlm3oy6,【刑满释放人员为何能离汉抵京？#联合调查组公布黄某英事件调查结果#：#黄某英事件是因失职渎职导致的严重事件#】2月26日，经中央政法委批准，司法部牵头，会同中央政法委、最高人民检察院、公安部组成联合调查组。2月27日，联合调查组赶赴湖北，在湖北省调查组的密切配合下，就武汉女子监狱刑满释放人员黄某英感染新冠肺炎离汉进京事件进行调查。3月2日，联合调查组公布调查结果，认为“黄某英事件”是一起因失职渎职导致的严重事件，性质恶劣，影响极坏，给首都疫情防控工作带来极大隐患。（人民日报）http://t.cn/A67aYKij 原图 ,2020-03-02 15:08,61,11,30
Iwg7qnkfO,#只要家中还有网，生活还是很容易#被疫情困在家中的你，已经多久没有运动了？网易新闻携手体坛名将@陈一冰、@张培萌、@汪順Steve ，向你发出“宅家”运动邀请。快跟随“最强教练”们的步伐，一起在家动起来，愿春暖花开再相见，你能瘦成一道闪电！ 网易新闻客户端的微博视频  ,2020-02-28 10:12,14,2,2
IwbwrpR3v,#深夜尬聊# 疫情之下，你有哪些遭遇或转变？  原图 ,2020-02-27 22:30,11,3,25
Iw7Jt6GIZ,【钟南山：我们有信心 四月底基本控制疫情】钟南山院士在广州医科大学疫情防控专场新闻通气会上表示，“根据我们团队在传统模型基础上加上影响因素，国家强力干预和春节后的回程高峰消除后，预测高峰应该在2月中接近2月底。到了2月15日，数字果然下来了。我们更接近国外权威的预测值。我们有信心，四月底基本控制。”http://t.cn/A6723ViD 原图 ,2020-02-27 12:51,19,5,12
Iw7HKpZ9j,【钟南山：如12月初就严防的话 病人将会大幅减少】广州市政府新闻办疫情防控专场新闻通气会上，钟南山院士表示，21世纪已经有三次冠状病毒的感染，凡是发现冠状病毒的感染，马上要严防扩散，这次就是一个极大的教训。假如我们在12月初，甚至是1月初能够采取严格防控措施的话，我们的病人将会大幅减少。我们曾经估计过，要是25号再实施的话，我们将会增加到十几万人。http://t.cn/A672W6Pj http://t.cn/A672uie8 ,2020-02-27 12:46,45,45,58
Iw6C1c02L,#搜狗输入办公神技# 让云办公搜easy！@搜狗输入法 携手@网易新闻客户端 带你一起体验【传输沟通破“壁”机】文字扫描、多国语音翻译让国内外case也能轻松搞定！关注@搜狗输入法 ，带 #助力云办公 抗疫更轻松# 转发微博，3月4日抽2人平分200开工红包  抽奖详情  原图 ,2020-02-27 10:00,219,555,408
Iw25Xdo2o,#深夜尬聊# 疫情过后，你最想做的一件事是什么？  原图 ,2020-02-26 22:30,12,5,68
IvYoihoib,【#南宁疫期800人扎堆赏山樱花# 保安：戴口罩也要离远点！】2月25日，广西南宁。石门森林公园内樱花谷的2000多株“山樱花”争相绽放，虽然新型冠状肺炎疫情肆虐，但仍然吸引不少市民戴上口罩前来赏花踏青。据介绍，周末这两天每天大约有700到800人密集扎堆前往石门森林公园樱花谷观赏樱花，公园保安称，会对未带口罩的游客进行劝阻，希望游客在赏花的同时，不要聚集靠得太近。http://t.cn/A67Pn01K ,2020-02-26 13:04,14,4,7
IvXG0jlo0,【司法部回应监狱疫情情况：3省5所监狱共确诊555例】司法部副部长熊选国介绍，截止2月25日，全国湖北、浙江、山东3个省共5个监狱，发生了新冠肺炎感染疫情，确诊病例555例，其中疑似19例，重症4例。目前为止没有发生监狱在押罪犯感染新冠肺炎死亡病例。全国其他监狱没有发生罪犯感染新冠肺炎的疫情。http://t.cn/A677sdGQ ,2020-02-26 11:15,18,5,5
IvXC79oWb,【韩总统文在寅视察大邱 当地官员秘书事后确诊感染】韩国大邱市经济副市长的秘书于25日被确诊感染新冠肺炎，就在同一天，韩国总统文在寅视察大邱市，并与该副市长一同出席新冠肺炎疫情对策会议。青瓦台建议当时出席会议的青瓦台相关人士以及媒体人士自我隔离一周。韩国疾病管理本部中央防疫对策本部表示，总统文在寅不是自行隔离对象，而该副市长的新冠病毒检测呈阴性。http://t.cn/A67zP0LE [组图共2张] 原图 ,2020-02-26 11:05,31,3,22
IvXAnkW5s,【韩国旅游的杭州老师急哭:回家太难 机票涨了10倍】新冠肺炎疫情正在全球多个国家蔓延，包括意大利、韩国及日本等国感染人数大幅上涨。高先生是杭州一名高校讲师，1月27日到韩国首尔旅游。他表示，现在回杭州“太难了”，直飞机票买不到，机票从500涨到近5000，还得从青岛转飞。此外，首尔飞威海、大连、北京、上海等地价格亦保持急速增长趋势，经济舱价格最高超7000元。http://t.cn/A677regi [组图共6张] 原图 ,2020-02-26 11:01,1188,29,183
IvXugw0d9,【国际奥委会：若疫情5月得不到控制 东京奥运或取消】据美联社消息，国际奥委会高级成员说，如果新冠肺炎疫情在5月下旬得不到控制，2020年东京奥运会可能将被取消，而不是推迟或换城市举办。国际奥委会：若疫情5月得不到控制 东京奥运或取消  原图 ,2020-02-26 10:46,42,7,13
IvON1lYUY,【世卫组织：中国疫情顶峰已过 尚未构成全球性大流行】世界卫生组织总干事谭德塞24日表示，世卫组织和中国联合专家考察组已结束在中国的疫情考察工作，专家组认为中国防控疫情措施避免了大量病例，疫情顶峰已过，尚未构成全球性大流行，有关情况应给所有国家带来防控疫情的信心。专家组认为，中国疫情在1月23日至2月2日期间达到顶峰，此后一直在稳步下降。轻症患者康复时间平均约为两周，重症患者可能需要三到六周才能康复。中国防控疫情的措施避免了本可能出现的大量病例。http://t.cn/A67v2wgU 原图 ,2020-02-25 12:37,220,11,54
IvOH0apsJ,【韩国人来华躲避疫情致飞往青岛航班爆满？官方回应】韩国新冠肺炎确诊人数激增，从韩国首尔飞往中国山东青岛的航班价格暴涨、一票难求。昨日，网传韩国人来青岛躲避疫情、不需要强制隔离、首尔飞青岛航班爆满等。据@青岛发布 ，青岛市新冠肺炎疫情防控指挥部第32次会议中强调，要在全面做好社区防控的同时，严防境外人员输入，强化风险评估和口岸检疫，严格落实来青人员体温检测和居家隔离等措施，主动做好外籍人士沟通解释和服务保障工作，坚决防止疫情输入扩散。http://t.cn/A67vAzVG [组图共3张] 原图 ,2020-02-25 12:22,62,6,29
IvGnd5MA2,【武汉宣布：放开离汉通道的通告无效】武汉市新冠肺炎疫情防控指挥部发布的《关于加强进出武汉市车辆和人员管理的通告》（第17号），系市指挥部下设的交通防控组未经指挥部研究和主要领导同志同意发布的，现宣布该通告无效。对此，我们对相关人员进行了严肃的批评处理。武汉市将严格离汉通道管理，严格人员管控，严防疫情向外输出。http://t.cn/A6hDtml9 原图 ,2020-02-24 15:12,51,31,45
Ivp7bgLqz,【科研人员新发现！华南海鲜市场并非新冠病毒发源地】中国科学院西双版纳热带植物园联合华南农业大学和北京脑科中心，收集了全球12个国家的93个新冠病毒样本基因组数据，通过全基因组数据解析发现：武汉华南海鲜市场的新型冠状病毒是从其它地方传入，再在市场发生快速传播并蔓延。另根据病患发病时间记录和种群扩张时间推断，也印证了华南海鲜市场不是病毒发源地的推论。http://t.cn/A6huLw6u 原图 ,2020-02-22 19:15,1625,69,296
Ivmzdc1iD,持续的疫情牵动着每一个人的心，让我们和@陈坤 @THEO-朱正廷  @范丞丞Adam0616  黄明昊@jjjustin0219 @Biiiii毕雯珺 @Dzr_丁泽仁 @Lee权哲 @黄新淳先生 @李纯LiChun @王菊   @贺雨禾 @赫雷-Actor  @是林子琳呀 @刘白沙 @祁忆不是果  @汪涵 ，一起支持各项防疫工作，做好个人防护，戴口罩，勤洗手，多通风，减少出行。向每一位防疫工作者致敬，我们一起加油！http://t.cn/A6hnOpWT ,2020-02-22 12:46,0,0,0
Ivego8y0m,【浙江十里丰监狱警察曾去武汉 隐瞒上班至1月25日】浙江省新冠肺炎疫情防控工作新闻发布会上介绍，十里丰监狱一名民警在1月14日至19日去了武汉，但刻意隐瞒继续上班，至1月25日深夜被发现，1月29日确诊为新冠肺炎。因民警上班时间长，密切接触者多，造成多名罪犯感染。2月10日，发现6例确诊病例，2月11日向社会公布。2月20日，发现27例罪犯确诊病例，并于今天公布，共有罪犯确诊34例，其中重症病例一例，没有死亡案列。目前，未发现疫情从监狱内向监狱外扩散。http://t.cn/A6hQdPK7 [组图共2张] 原图 ,2020-02-21 15:38,112,6,42
IvdiNkEK9,【湖北新增确诊由411例订正为631例 监狱220例纳入】由于湖北省监狱没有接入传染病疫情网络报告系统，2月20日夜接到监狱部门手工报卡后，经审核确认，截至2月20日24时，监狱部门报告的271例新冠肺炎确诊病例中，有51例前期已纳入相关地区统计并公布，其余220例确诊病例和10例疑似病例现纳入2月20日疫情数据进行公布。湖北省新增确诊病例数由411例订正为631例，累计确诊病例数由62442例订正为62662例；新增疑似病例数由1269例订正为1279例，现有疑似病例数由4084例订正为4094例。http://t.cn/A6hQIskD 原图 ,2020-02-21 13:11,947,55,164
IvcCmAusP,疫情当下，如何选择合适的口罩进行自我防护？快收下这份 @释小龙Ashton  分享的“口罩使用指南”。特殊时期，我们呼吁将N95级别的口罩留给前线医护人员，科学防疫，理性应对，一起为武汉加油，一起为中国加油！上流君的微博视频  ,2020-02-21 11:27,5,1,3
IvbFgcK0a,"【李兰娟：所有感染病人都找出来 才是""拐点""到了】中国工程院院士、国家卫健委高级别专家组成员李兰娟表示，当前各级政府控制疫情措施的力度是很大的，按照此趋势下去，不用太长时间，武汉的疫情是能够控制下来的。不过，当前疫情形势依旧严峻。“如果所有的感染病人都找出来了，那才是‘拐点’到了。”在李兰娟看来，不能仅从确诊、疑似病例等数据下降来判断疫情，不把传染源彻底、仔细找出，“谁都难说‘拐点’”。http://t.cn/A6hHSmh6 [组图共3张] 原图 ",2020-02-21 09:01,94,24,48
Iv47RAbSo,【世卫组织：没有证据表明新冠病毒由实验室制造】2月19日，在世卫组织东地中海区域办事处新闻发布会上，世卫组织东地中海区域主任称，没有证据表明新型冠状病毒是实验室制造的，也没有证据表明新冠病毒是以生物武器的身份制造出来的，新冠病毒来自动物界。 http://t.cn/A6hlSwAY 世卫组织：没有证据表明新冠病毒由实验室制造  ,2020-02-20 13:49,170,17,77
IuVyZzQYk,"【#我们不怕# 深情MV致敬战疫者,钟南山：坚信这种力量！】 抗疫阻击战进行至今，已有月余，奋战“疫”线的人们，尤其是医护人员，给了世界深深的感动。2月19日，由广东省委网信办指导、羊城晚报报业集团精心制作的原创MV《我们不怕》，在羊城派、金羊网、ZAKER首发上线。这首由著名音乐人@高进AG 公益献唱的歌曲，唱出了中国力量，我们坚信：挺过寒冬，就是春天！http://t.cn/A6hNSJWa ",2020-02-19 16:02,19,16,3
IuVnBlOoS,【北京市教委：网传大中小学3月初开学消息不实】今日，个别网民发布消息称北京大中小学将于3月初开学。对此，北京市教委明确表示，这是一条虚假信息。市教委强调，目前，防控疫情是首要任务，开学时间要视疫情发展来定。请广大网友从官方权威渠道获取信息，不传谣、不信谣！北京市教委：网传大中小学3月初开学消息不实  原图 ,2020-02-19 15:34,10,3,3
IuUHgwFDI,【刘智明曾叮嘱主治医生：如果万一 不要插管抢救】武汉市武昌医院党委副书记、院长刘智明，在抗击疫情中不幸染病去世。据身为护士长的妻子回忆，刘智明曾鼓励她坚守岗位，“他知道我放不下走不开，所以总说不要（照顾他）。他自己也很清楚，甚至连医疗预嘱都跟主诊医生讲了，他说如果万一，不要插管抢救。”http://t.cn/A6hpfZA1 [组图共6张] 原图 ,2020-02-19 13:49,446,38,78
IuKx1v5gn,"【一家三口打麻将被扇?人民网:如此战""疫""群众很生气】一家三口在家里打麻将被志愿者砸桌子连扇耳光，口罩进价6毛卖一块被认定哄抬物价罚款4万多，物业拦门不允许一线抗疫医护人员回到自家的小区……最近，一些地方任性而为的“执法”案例让人看不下去。人民网：打赢疫情防控阻击战，依法防控是关键。志愿者也好，物业管理部门也罢，他们是从哪儿来的执法权？任何部门、任何人，都不能因为戴着防控疫情的红袖标，就可以任性妄为。严控不能失控，“硬核”不能硬来。http://t.cn/A6ho3pXQ 原图 ",2020-02-18 11:57,302,22,66
IuKnFrS0i,疫情当下，在口罩中垫一层纸使用，是错误的防护方式。快收下这份@Crystal张天爱  分享的防疫指南。特殊时期，正确防护，科学防护，一起为武汉加油，为中国加油。上流君的微博视频  ,2020-02-18 11:33,12,1,4
IuDdbi9bP,【武汉病毒所陈全姣声明：从未举报，请大家严防相关阴谋和破坏】2月17日，中国科学院武汉病毒所陈全姣发布声明：从未发布任何相关举报信息，对冒用本人身份捏造举报信息的行为表示极大愤慨，将依法追究造谣者的法律责任。近期一系列谣言，已对我们一线科研人员科研攻关造成了影响，请大家严防相关阴谋和破坏活动。http://t.cn/A6hXBDMQ 原图 ,2020-02-17 17:18,98,2,46
IuBNb1iEA,疫情期间，让我们和@R1SE官博  一起承诺，勤洗手，少出门，出门戴口罩！防疫抗疫，人人有责。相信我们一定可共克时艰，共渡难关！上流君的微博视频  ,2020-02-17 13:42,7,0,1
IurF75myW,疫情当下，正确认识新冠肺炎是每个人防疫过程中的重要一环。来听听@张新成 分享的“如何区分普通感冒和新冠肺炎？”，让我们一起克服焦虑，理性应对，科学防护。上流君的微博视频  ,2020-02-16 11:54,442,28,60
IulIGEmLK,【中国疾控中心主任高福：正与世卫专家研讨疫情防控】针对网络上散布的不实消息，中国疾控中心主任高福表示，正接待从世界各地赶来的世卫组织专家，研讨、沟通新冠肺炎的防治工作。他表示，中国一直坚持公开、透明、负责任的原则和态度，和国际社会广泛合作。据悉，高福领导下的中国疾控中心连日来一直联合全国疾控中心的驰援团在湖北一线开展病人的检测和流行病学调查。中心也正在抓紧疫苗研发、药物测试工作，各种防控方案制定和科普宣传工作等也一直在有序进行中。http://t.cn/A6hI4z3C 原图 ,2020-02-15 20:47,942,99,196
IubBIpnlO,【图解科普：害死你的不是病毒，是失控的免疫力】新冠病毒肺炎是自限性疾病，患者在一段时间后会自然康复。但很多患者没等到康复，就被自己的免疫系统“杀死”了。 图解新冠肺炎：害死你的不是病毒，是失控的免疫力  ,2020-02-14 19:02,59,38,29
Iu8ClgySF,疫情当下，“外出购物回家后应该如何消毒？”，赶快收下@BIGBIG张大大  分享的这份防护指南。正确防护，科学防疫，共同战“疫”！上流君的微博视频  ,2020-02-14 11:25,889,70,87
Iu83zij1y,每天刷到大量疫情信息，你是否被困扰且心生焦虑？生病了怎么办？怎样判断自己的感冒是普通感冒还是新型冠状病毒感染？来做一个简单的居家小测试吧，做好自我防护比什么都重要！>>新冠肺炎居家自测题 https://m.bendi.163.com/fps/frontends/local_special_2019/xinguan/index.html?from=groupmessage  原图 ,2020-02-14 10:00,4,0,1
Iu0IFcJKy,突如其来的疫情让这个寒假变得特别又漫长，孩子们快憋坏了，家长们也快愁坏了。如何才能让孩子安然度过这段特殊时期？中华预防医学会联合网易健康特别推出【憋坏的熊孩子吼娃的妈 该如何自救？】主题直播节目，邀请到复旦大学附属儿科医院心理科主任医师高鸿云和南京脑科医院儿童心理研究中心主任医师陈一心，于2月13日15:00-16:00做客网易直播间，跟您聊聊疫情下儿童心理健康问题。直播详情戳>>http://t.cn/A6h4QuNV 原图 ,2020-02-13 15:19,9,2,1
ItS4Advto,【武汉慈善总会公布27亿捐款使用情况:全部用于3方面】据@武汉发布 通报，“武汉市慈善总会将27亿元捐赠款上缴财政”系误读。截至目前，27亿元捐赠款已全部用于三个方面：一是武汉市金银潭医院、武汉市肺科医院等医疗机构隔离病房改造，治疗设备、药品耗材购置等疫情防控支出；二是火神山医院、雷神山医院以及方舱医院、留观隔离点建设改造，治疗设备、药品耗材购置等；三是区属医院治疗设备、药品耗材购置，社区防控等。目前，社会捐赠款接受和使用的具体情况已经在武汉市慈善总会官网公告。http://t.cn/A6hLHRrd 原图 ,2020-02-12 17:18,483,50,88
ItPi9EsS6,【钟南山：新型冠状病毒肺炎疫情有望4月前结束】钟南山院士2月11日表示，新型冠状病毒肺炎新增感染病例已经在一些地区出现下滑，疫情有望出现缓解。他预计峰值将会在2月中下旬出现，4月前可能结束。不过他承认，目前人们对新型冠状病毒还有很多未知，“我们还不知道病毒为何有如此大的传染性，这是最大的问题”。钟南山同时指出，武汉地方政府和卫生部门没有在疫情发生早期采取足够的措施，应当为此承担责任。“如果我们能够更好地协同协作，我们就能够更早地发现‘人传人’。”http://t.cn/A6h2VLAN 原图 ,2020-02-12 10:13,164,33,36
ItKP4CWqi,#新冠肺炎大事件# 从几个人的“不明原因肺炎”，到4万多人被确诊、万万人足不出户，在这段足够熬人的时间里，我们每天看到的和谈论的，除了颜色不断加深的疫情地图，还有许多刺激我们情绪和思考的人事物，他们有人奔赴一线，有人被免职，有人患病离世……点击这支视频，查看这一个月里我们都经历了什么。  http://t.cn/A6hALWla ,2020-02-11 22:51,374,183,93
ItIEgE3WB,【钟南山:疫情拐点无法预测 峰值应在二月中下旬出现】11日，广东医疗队武汉前方ICU团队与后方广州医科大学附属第一医院举行远程视频会诊。钟南山院士参与会诊并回答公众关心的问题。钟南山表示，目前看疫情拐点还无法预测，但是峰值应该在二月中下旬出现。钟南山:疫情拐点无法预测 峰值应在二月中下旬出现  原图 ,2020-02-11 17:19,49,9,22
ItHp9fCdH,【尼日利亚不明疾病致15死 多人患病后48小时内丧命】尼日利亚卫生部长奥萨吉·埃哈尼尔日前表示，尼日利亚出现不明的致命疾病，已造成15人死亡、104人感染。1月29日发现不明疾病的首批患者，4人在患病后48小时内全部死亡，发病症状包括头痛、内热、腹泻、呕吐、胃痛、全身无力和胃肿胀。之后，多名相同症状患者在48小时内死亡。经实验室检测，这种疾病与埃博拉或是冠状病毒的发病症状不相类似。尼日利亚疾病控制中心正在全力研究这种疾病。http://t.cn/A6hZTebl 原图 ,2020-02-11 14:09,93,12,42
ItzuHlcav,【湖北一家人因染病厌世从楼上撒钱?警方:熊孩子惹事】近日，网传一段某小区高楼往下撒钱的视频，配以“湖北随州一家人全部感染，元宵节有人从27楼撒钱”的文字，引发部分网民恐慌。10日下午，随州警方对此辟谣：系谣言。经核实，视频实为小区业主家3岁熊孩子趁父母不注意，在阳台把钱当纸片抛撒，并非因感染病毒，厌世所致。http://t.cn/A6h7Pypr [组图共6张] 原图 ,2020-02-10 18:00,176,10,43
ItyALr7cf,面对疫情不恐慌，让我们和@陈都灵  一起学会自我心理调节，避免过度焦虑，理性应对，科学防疫。一起为武汉加油，一起为中国加油！  网易新闻客户端的微博视频  ,2020-02-10 15:42,38,5,12
It60HFrFU,【1人打麻将致多人感染 乡政府没收600多张幺鸡】2月6日，浙江宁波疫情防控发布会上特别通报一起打麻将聚集案例，1人打麻将致多人感染。在浙江衢州九华乡，乡政府工作人员为阻止聚众打麻将，挨家上门劝说，两天没收600多张幺鸡，并统一标注保存，疫情过后再发还。http://t.cn/A6PrRswg http://t.cn/A6P1xRwE ,2020-02-07 14:57,139,18,45
It5vK9nUC,【武汉:物资尽量捐给红十字会 避免增加医院查验负担】2月7日，武汉市市场监督管理局发布消息称， 在当前抗击新型肺炎疫情的紧要时刻，社会各界及个人通过不同途径踊跃捐赠口罩等医用防护物质，捐赠对象主要是市红十字会，但也有定向捐赠给指定医疗机构的情形。市红十字会接受的捐赠物资一律暂存国博中心，经过入库验收，分区分类定位存放，再以最快的速度分发出去，有效防止假冒伪劣产品流入医疗机构。呼吁广大爱心人士，在组织捐赠医用物质前，先熟悉掌握医院所需物质的品种和标准，并尽量通过红十字会统筹实现捐赠，以免绕开红十字会定向捐赠后，增加医院查验负担，带来安全风险。http://t.cn/A6PrKLsL 原图 ,2020-02-07 13:40,2246,88,394
It4BweEC3,【华南农业大学：穿山甲为新冠病毒潜在中间宿主】华南农业大学、岭南现代农业科学与技术广东省实验室沈永义教授、肖立华教授等科研人员联合中国人民解放军军事科学院军事医学研究院杨瑞馥研究员及广州动物园科研部陈武高级兽医师开展的最新研究表明，穿山甲为新型冠状病毒潜在中间宿主。这一最新发现将对新型冠状病毒的源头防控具有重大意义。http://t.cn/A6Pr70BV 原图 ,2020-02-07 11:22,169,31,56
IsYCRdIjE,【疫情日报02.06】在家闷着就是战士 一起战斗吧！#武汉加油##越健康 悦生活# @网易健康  原图 ,2020-02-06 20:09,29,6,14
IsY5N9vzJ,【大理扣留浙江慈溪市受捐口罩 知情人士:已多次讨要】大理市扣留重庆、湖北黄石的口罩物资引发关注后，又被指扣留浙江慈溪市的一批受捐口罩。浙江慈溪两名市民购买11.2万只医用口罩，捐赠给慈溪市红十字会用于疫情防控工作。1月31日，该批口罩被大理州市场监督管理局扣留，尚未放行。有关人士表示，曾三次去讨要，于法、于理都没道理，并介绍称，捐的口罩从缅甸进口，非常宝贵，“再多的钱也买不回来”。大理州市场监督管理局一位人士称，“我们部门没有扣留，请你们联系卫健委”。而记者致电大理州卫健委，电话无法接通。http://t.cn/A6P3TE3F 原图 ,2020-02-06 18:47,3439,378,620
IsWJusBJr,【大理＂紧急征用＂重庆口罩 云南省通报批评:立即返还】云南省应对疫情工作领导小组指挥部对大理州大理市政府及大理市卫生健康局征用疫情防控物资予以通报批评。通报指出：近日，大理市卫生健康局对云南顺丰速运有限公司大理分公司承运的发往重庆市的口罩实施“紧急征用”。该做法严重影响了兄弟省市防控疫情的工作和与兄弟省市人民的感情，现决定对大理市政府、大理市卫生健康局进行通报批评，责令立即返还被征用的物资。通报要求，全省各地各部门要以此为戒，深刻汲取教训，讲政治、顾大局，决不允许类似事件再次发生，若有发生，将严肃追责问责。http://t.cn/A6P3PFZF [组图共2张] 原图 ,2020-02-06 15:20,212,24,72
IsWFmxEFK,【吉利德回应瑞德西韦临床试验:免费 以确定有效安全】吉利德在研药物瑞德西韦已正式开始临床实验，目前该药物被认为在抗新型冠状病毒上有较大潜力。吉利德方面表示，免费提供研究药物，为研究设计和实施提供建议，支持对新冠病毒感染者开展两项临床试验。吉利德回应瑞德西韦临床试验:免费 以确定有效安全 时差视频的微博视频  ,2020-02-06 15:09,414,44,141
IsUth5RWr,【母猪开口说话称吃9个鸡蛋能防疫情？女子造谣被拘】2月5日，一则荒诞的传言在贵州传出。传言称，一头母猪在生下小猪后开口说话，它说瘟疫严重，只要煮9个鸡蛋吃下，就不会得病。谣言发出之后，绝大多数人一笑置之，但也有人相信，开始煮鸡蛋、吃鸡蛋。网警获悉后，于当日下午找到发布信息的朱某某。朱某某称，她在网上看到，吃鸡蛋能提高抵抗力，于是编发吃鸡蛋能防疫情的谣言并发到2个朋友圈。警方对其处以行拘10日处罚。http://t.cn/A6PmeelY [组图共6张] 原图 ,2020-02-06 09:34,270,22,96
IsOUFcnUC,【曹德旺：想捐物资但买不到 没办法只好捐款1亿元】近日，74岁的曹德旺捐款1亿抗击疫情。曹德旺表示，想给灾区捐物资，动员海外资源去买口罩、防护服、消毒液等等这些东西，却根本买不到，只好捐款。1983年至今曹德旺已累计捐款超110亿元。大佬时间的微博视频 曹德旺：想捐物资但买不到 没办法只好捐款1亿元  ,2020-02-05 19:25,327,48,59
IsNixd4ti,【武汉病毒所抢注美国在研药专利？专家:不太可能成功】美国公司在研药物被中科院武汉病毒所“抢注”专利引发质疑。昨日，中科院武汉病毒所官网发布消息称，已将尚未在我国上市的药物瑞德西韦抗新型冠状病毒用途申报中国发明专利。全球健康药物研发中心主任、清华大学药学院院长丁胜认为，此次申报成功可能性不大。吉利德公司已将瑞德西韦治疗冠状病毒的用途申请专利，武汉病毒所申请的抗新型冠状病毒新用途与吉利德公司已申请的抗冠状病毒用途具有接近性，也不可能申请成功。http://t.cn/A6PEnPwj 原图 ,2020-02-05 15:18,1644,78,258
IsN4weDV8,【第五版新冠肺炎诊疗方案:无症状者也可能是传染源】“国家版”新型冠状病毒肺炎诊疗方案再次更新。2月5日，国家卫健委发布《新型冠状病毒感染的肺炎诊疗方案（试行第五版）》。与第四版相比，新版诊疗方案对于新冠病毒的流行病学特点表述发生较大变化。其中，传染源方面，第五版诊疗方案首次提到，无症状感染者也可能成为传染源。传播途径方面，第四版诊疗方案的表述为“经呼吸道飞沫传播是主要的传播途径，亦可通过接触传播”。第五版诊疗方案修改为：经呼吸道飞沫和接触传播是主要的传播途径。气溶胶和消化道等传播途径尚待明确。易感人群方面，第五版诊疗方案提到人群普遍易感。而第四版诊疗方案的表述为“人群普遍易感。老年人及有基础疾病者感染后病情较重，儿童及婴幼儿也有发病”。http://t.cn/A6PEYNaf [组图共11张] 原图 ,2020-02-05 14:44,18,22,9
IsMfXBFAf,【顶风作案！四川一男子疫情期间猎捕42只野生鸟类】1月29日，四川高县森林公安接到举报称，村民张某在疫期非法猎捕野生鸟类。随后民警在张某家中将其抓获，并查获5只活体鸟类和37只死体鸟类，其中还有国家二级保护动物猫头鹰。目前张某已被采取刑事强制措施。http://t.cn/A6PE5Fdi http://t.cn/A6PRN04R ,2020-02-05 12:39,113,10,52
IsEmP0dbM,【湖北红会3名领导被问责 专职副会长被免职并警告】针对反映湖北省红十字会在捐赠款物接收分配中的有关问题，经湖北省纪委监委调查，省红十字会有关领导和干部在疫情防控期间接收和分配捐赠款物工作中存在不担当不作为、违反“三重一大”规定、信息公开错误等失职失责问题。经批准，决定免去张钦省红十字会党组成员、专职副会长职务，并给予其党内严重警告、政务记大过处分；给予省红十字会党组成员陈波党内严重警告、政务记大过处分；给予省红十字会党组书记、常务副会长高勤党内警告处分。省红十字会其他责任人员按照干部管理权限由有关党组织依纪依规处理。http://t.cn/A6PQONqO [组图共3张] 原图 ,2020-02-04 16:34,1660,184,234
IsCVDqekE,【确诊老人隐瞒致百余人密切接触 人民日报:于法不容】四川雅安，一名69岁确诊患者治疗中多次隐瞒自己途径武汉汉口返回雅安事实，且多次在外活动，密切接触100余人，并致治疗中30多名医护密切接触。人民日报：一个人隐瞒，一群人遭殃，不管出于何种原因，这种隐瞒都是不可宽宥的，也是于法不容的。防控疫情，即便帮不了忙，也别添乱。开诚布公是对自己负责，莫再做损人不利己的事！http://t.cn/A6PQviQn 原图 ,2020-02-04 12:55,340,29,96
IsCLf0r8V,【香港现首例新冠肺炎死亡病例:曾去武汉 其母也确诊】2月4日，一位39岁的家住香港黄埔的新型冠状病毒男性感染者死亡。该患者系香港首例死亡病例。他于1月21日乘搭高铁由香港到武汉(G306列车)，并于1月23日从长沙南站乘坐高铁返港(G79列车)。此外，该名男病人72岁的母亲在2月2日也确诊患病，目前情况稳定。http://t.cn/A6PHD8yV 原图 ,2020-02-04 12:29,20,4,10
IstJmCWOK,【小心！广州首次在门把手上发现新型冠状病毒踪迹】2月3日，广州市疾控中心通过对确诊患者居住外环境的监测、检查中发现，一名患者铁门门把手上出现新型冠状病毒2019-nCoV踪迹。这是广州首次在外环境中发现，专家提醒，市民更需注意手卫生，日常家居细节中，有许多可能造成病毒间接传播的途径：如手机屏幕、电脑键盘、水龙头等等，都需要日常清洁。http://t.cn/A6PjIzZ8 http://t.cn/A6Pj1J6h ,2020-02-03 13:30,48,26,23
IstH7pVi6,@网易新闻客户端：我在北京，我和@第一财经商业数据中心 发起#在家办公为国加油#的公益倡导，有态度的新闻资讯实时更新，共同抗击疫情为祖国加油，请转发支持！  原图 ,2020-02-03 13:24,22,5,4
Is6vczM7L,【中成药双黄连口服液火速脱销 但质疑声也跟着来了】1月31日从中国科学院上海药物所获悉，该所和武汉病毒所联合研究初步发现，中成药双黄连口服液可抑制新型冠状病毒。消息一出，多家网店双黄连均已断货。然而，不少网友也发来质疑，“这个药到底真的有用吗”；更有辟谣贴称，“尚无证据”表明双黄连对新型冠状病毒有效。对此，你怎么看？http://t.cn/A6PCxCdR [组图共4张] 原图 ,2020-02-01 02:22,619,36,158
IrSowqV4N,【武汉两名抗疫医生被患者家属打伤 警方介入】1月29日，武汉市第四医院两名医生遭一名新型冠状病毒肺炎患者家属殴打，防护服被撕扯，警方已经介入调查。据悉，打人家属疑因患者死亡而殴打两名医生。其中一名医生表示，不希望在此时因此事受到太多关注，更多希望能够齐心合力战胜疫情。http://t.cn/A6Pas0cv 原图 ,2020-01-30 14:27,642,70,146
IrLg9s4rx,共抗疫情，用科技助力教育。网易有道智云为全国中小学校提供“免费录播直播教学系统”！[加油]  原图 ,2020-01-29 20:17,48,8,7
IrJi7lFhS,【抗击疫情，网易一直在行动！】1、追加捐赠1亿元，设立疫情专项防控基金。2、筹措购买近千万防控急需医疗物资。3、免费防护口罩、防护用品，已帮助20余万人。4、率先免费提供线上课程，惠及近6万学生和家长。病毒无情人有情。网易将持续关注疫情的发展，与全国人民同舟共济，共克时艰。我们有信心打赢这场必胜之战！ 原图 ,2020-01-29 15:16,573,106,85
IrGJ1xKsk,【突发：白宫表示考虑取消中美间所有航班】当地时间1月28号，根据美国媒体报道，两位美国政府官员向美媒透露，白宫考虑取消中美之间所有航班。白宫已经在28号告知美国多家航空公司高管，由于担心新型冠状病毒疫情，考虑取消中美间所有航班。（总台记者 刘骁骞）突发：白宫表示考虑取消中美间所有航班  ,2020-01-29 08:44,138,21,41
IrGHxmJvi,【美国排除32例疑似新冠肺炎病例 平均5小时检测1例】中新社休斯敦1月27日电 美国疾病控制和预防中心(CDC)27日在媒体电话会议中称，自2020年1月21日起，该机构累计接收了110个疑似新型冠状病毒感染的肺炎病例样本。截至目前，其中5例新型冠状病毒检测呈阳性，32例呈阴性，尚有73例疑似病例正在排查中。http://t.cn/A6PJsz3i ,2020-01-29 08:41,34,3,40
IrBQU3xxc,"【男子网上称""宁愿疫情死千人不愿科比死"" 被拘7日】1月27日，江苏徐州。网友“刚子”在微信群发言称“宁愿疫情扩散，死上千人，也不愿看到科比离开世上的消息”。当日，“刚子”涉嫌寻衅滋事被徐州警方行政拘留7日。男子网上称&quot;宁愿疫情死千人不愿科比死&quot; 被拘7日 澎湃新闻的微博视频  ",2020-01-28 20:20,919,46,292
IqOVqD474,网易新闻上线【肺炎疫情】频道，实时滚动更新“新型肺炎”疫情地图、预防措施及最新辟谣，详情见>>>新型肺炎扩散全国多地 武汉&quot;封城&quot;  [组图共2张] 原图 ,2020-01-23 15:46,34,7,10
IqyZhFSX0,新型冠状病毒肺炎疫情地图及实时更新播报，愿每个人平安详情请见>>愿每个人平安  [组图共3张] 原图 ,2020-01-21 23:12,692,187,221
Iqm2Mratg,【一图看懂“武汉肺炎”】要点总结：1. 这个病毒是2003年SARS的近亲，但传染性比SARS低，致死率也不高；2. 境外病例几乎都有去过武汉的经历；3. 华南海鲜市场距离汉口火车站只有900米；4. 专业人士指出，“武汉肺炎”的潜伏期在14天以内；5. 带别的口罩没用，必须带外科口罩和N95口罩；6. 武汉的最新通报删除了“有限人传人”及“持续人传人风险较低”的说法。 原图 ,2020-01-20 14:15,1514,308,241
