J7z7CD2bS,【水淹阳朔：一个旅游大县的艰难复苏】疫情让旅游业经营举步维艰，另一方面，却也给民宿老板们带来了一个好消息。今年3月，遇龙河度假区管委会取消了度假区入口的哨卡，社会车辆可以自由进出度假区。这一哨卡最初设立于2017年，旨在消除景区内的拥堵情况，但也一度令度假区客流量骤降，如今，游客可以轻易在景区内预约到网约车，伊恩再也不用整日为接送旅客而头疼。相较于疫情，洪灾不过是阳朔每年都要经历的关卡，县城的居民对这次洪灾感触不深，而遇龙河沿岸的游客则经历了一番历险。那些未受灾的店家更担心洪灾对旅游业信心的打击。目前，6月底的一些订单已经退了。“洪水已经过去了，阳朔依旧很美丽，希望你们不要光报道洪灾，也呼吁让游客来帮阳朔，来阳朔旅游就是对阳朔最大的帮助。”阳朔民宿协会副会长陈朔勇反复叮嘱南方周末记者。http://t.cn/A6LomUdW 原图 ,2020-06-20 23:21,272,33,52
J76QA9pDA,【漩涡中的新发地：亚洲最大菜市场不得不说的往事】北京正经受着新的疫情考验，也将此次疫情漩涡中心的新发地市场推向公众。这个亚洲最大菜市场，最初只是一个村庄菜市场。一个广为传播的事实是，2003年SARS期间，北京农产品价格一度飞涨，0.5元一斤的萝卜暴涨到了8元一斤。刚刚上任的北京市领导第一时间前往新发地，叮嘱再三，外地商贩运菜进京是对北京市场的支持，一定要善待他们。根据北京商报社记者刊登在期刊《时代经贸》上的报道显示，后来，新发地市场董事长张玉玺和有关部门协调，用30个小时就平息了一场爆发性的市场价格波动。新发地市场在SARS期间稳定市场的做法得到北京市领导高度认可，被评为“首都防治非典型肺炎先进单位”。SARS之后，新发地又经受住了2008年奥运会的考验，成功保障了北京地区的果蔬供应。与此同时，围绕着新发地，还有一个不断扩大的商业帝国：房地产、物流、咨询、酒店等。在这些产业中，或多或少都能看到张玉玺及其子的身影。变化发生在2010年，要疏解新发地功能的言论开始流传，争议不断并持续至今。http://t.cn/A6LqMdcU 原图 ,2020-06-17 23:22,176,54,26
J6XkTdsth,【#北京中小学明起一律停止到校上课#】据北京市教委消息，从明日（6月17日）起，中小学各年级一律停止到校上课。初高三年级也同步恢复居家线上教学；#明起北京各类型幼儿园均不再开园#；另据北京疫情防控工作发布会消息， #北京市高校学生停止返校# 。 （央视）  原图 ,2020-06-16 23:09,223,33,23
J6Dphp5Ot,【直击北京新发地市场】6月13日12时，南方周末记者在新发地农产品批发市场看到，富农门、惠农门、三农门等多个出入口已封闭，大量警车在周边布控，区域内商户关门歇业。新发地批发市场是北京最大的菜篮子，全市70%以上蔬菜来自这里。官方消息显示，当天凌晨3点，市场发现疫情后休市。http://t.cn/A6LU5TvN  http://t.cn/A6LU58EN ,2020-06-14 20:25,68,16,21
J6quM4qXA,【#北京新发地45人咽拭子阳性#】#北京疫情防控工作发布会#通报：在对从业人员主动筛查中，对1940名市场从业人员进行核酸检测，在新发地采集了517件样品中，有45人咽拭子阳性，并在海淀一农贸市场中发现1例阳性，是1例新发地确诊病例的密切接触者。上述46人目前无临床症状，已纳入严密管理和观察中。@央视新闻 http://t.cn/A6LwdV1n ,2020-06-13 11:33,127,58,44
J5QwzsHZz,【抽奖！ 呼叫#CSR好物#锦鲤】你听过CSR（企业社会责任）吗？ 它与我们的生活有何关联？实践中又有多少打开方式？@南方周末 集结9大品牌的#CSR好物#发起抽奖，它们或将责任理念融入精巧设计，或见证企业精准扶贫的进程，或是“助农抗疫”的产物……关注@南方周末 并转发本微博，有机会打包带走“好物”！ 感谢以下参与品牌（排名不分先后）：@东风日产 @奈雪的茶Nayuki  @广汽本田  @曹操出行 @趣头条 @云集官方 建行广东省分行、新力公益基金会、美菜网。6月12日将通过@微博抽奖平台 抽取1名用户获得“锦鲤大礼包”，另有2名用户可获得“幸运礼包”，奖品详情请留意评论区置顶说明。 2020年7月30-31日，第12届中国企业社会责任年会即将举行，欢迎继续关注，与南方周末一起#构建责任共识# ！ http://t.cn/A6Lh4HRf [组图共9张] 原图 ,2020-06-09 15:59,150,226,122
J4YW6Cod6,人类享用的食物、水、空气都是自然的馈赠。新冠肺炎疫情期间，大自然也在传达信息。人类躲在家里，动物走进了城市，这些改变令人深思。2020年6月5日，世界环境日的主题是“关爱自然，刻不容缓（Time for Nature）”。我们将召开一场线上的“绿色创变者大会”，#如果自然会说话# 它们会说什么？http://t.cn/A62lm6uR 原图 ,2020-06-03 23:33,53,41,1
J4Y2I8g7n,新冠疫情冲击下，超长寒假、高考延期，令人措手不及，相信你虽然觉得有点难，还是在适应过后积极投入备考、迎接挑战。南方周末特别企划“2020年致敬高考生”视频拍摄项目，我们希望倾听你乘风破浪，不畏前行的故事。若你有意愿与我们分享，请在6月10日之前，发送邮件至 nfzmzj@163.com ，说出你的故事或心路历程，告知我们是否愿意接受视频拍摄，留下联系方式，我们将尽快与你取得联系。2020年，我们并肩，不惧前行！ ,2020-06-03 21:17,57,10,1
J4CYitDBQ,#我不是天生的妈妈#她们是温柔的女性，更是乐于担起责任的强者。疫情之下，变与不变中，她们面对来自家庭、事业、社会的各种挑战，始终坚持思考，始终相信未来。倾听她们的思考与想象，感受她们的力量与成长，请戳正片@优酷  优酷文化的优酷视频  ,2020-06-01 15:38,6,4,0
J4d9tqvdx,2020年初，涌现了很多抗击新冠疫情的志愿者和企业善举。从火神山到雷神山，从街道社区到方舱医院，不断闪现着刘凤英、杨会玲、李红英、王志贵等一批“完美志愿者”的身影。从紧急向武汉等疫情严重地区捐款500万元，到在马来西亚筹集善款60万令吉支援中国抗击新冠肺炎疫情，再到向全球十多个疫情严重的国家捐赠防疫物资，一点一滴践行着完美公司“取之社会，用之社会”的公益理念。http://t.cn/A62XGlAs [组图共6张] 原图 ,2020-05-29 21:54,380,42,14
J4bDgeDrK,突如其来的疫情让人们对医护从业者的职业坚守空前关注和赞扬。然而，防护服之外，他们真实的日常、心底的声音却不常常被关注。去年年底，南方周末联合赛诺菲启动#中国医声#项目，并开展调研；近日，《中国医护从业人员职业现状调研报告》正式发布，报告呈现了那些真实的疲惫、勇气与坚持，让我们看到负重而向阳的医护从业者，也让我们相信未来中国的医疗卫生事业可改善、可期待！完整版报告请点击http://t.cn/A626dR7q 原图 ,2020-05-29 18:02,142,116,55
J3PPdh7ea,【2万亿特殊转移支付直达市县】5月22日，国务院总理李克强作政府工作报告，报告提出，2020年新增财政赤字和发行抗疫特别国债筹集的2万亿元，建立特殊转移支付机制，资金直达市县基层、直接惠企利民。“这是特殊时期的特殊举措。”政府工作报告提出，积极的财政政策要更加积极有为。今年赤字率拟按3.6%以上安排，财政赤字规模比去年增加1万亿元，同时发行1万亿元抗疫特别国债。报告提出，上述2万亿元全部转给地方，建立特殊转移支付机制，资金直达市县基层、直接惠企利民，主要用于保就业、保基本民生、保市场主体，包括支持减税降费、减租降息、扩大消费和投资等，强化公共财政属性，决不允许截留挪用。http://t.cn/A62IwOqJ 原图 ,2020-05-27 10:31,33,16,7
J3POd9PGL,【首次不设经济增速目标】#2020年全国两会##报告解读#2020年5月22日上午，国务院总理李克强作政府工作报告。与以往不同的是，今年的政府工作报告首次没有提出全年经济增速具体目标。对此，李克强在作政府工作报告时说：“主要因为全球疫情和经贸形势不确定性很大，我国发展面临一些难以预料的影响因素。这样做，有利于引导各方面集中精力抓好‘六稳’、‘六保’。”“六稳”指的是稳就业、稳金融、稳外贸、稳外资、稳投资、稳预期。“六保”是指保居民就业、保基本民生、保市场主体、保粮食能源安全、保产业链供应链稳定、保基层运转。中国人民大学经济学院教授聂辉华向南方周末记者分析，这是在新冠疫情席卷全球背景下的一次特殊安排，目前世界经济和全球疫情走势都存在很大的不确定性，这导致国内经济发展中的很多因素难以把控。聂辉华认为，不设经济增速具体目标的做法，是防止地方为了完成经济增速的任务，忽略了就业等民生问题，这样做，有利于引导各方面把工作重心放到解决民生问题上。http://t.cn/A62Iwos4 原图 ,2020-05-27 10:29,37,15,7
J3PNqp98H,【困难时期养老金仍涨5%】#2020全国两会##报告解读#2020年5月22日，国务院总理李克强作政府工作报告时指出，上调退休人员基本养老金，提高城乡居民基础养老金最低标准。全国近3亿人领取养老金，必须确保按时足额发放。至此，中国养老金已实现16年连涨。中国人民大学公共管理学院教授董克用向南方周末记者介绍，自2005年开始，养老金每年都进行调整，曾经在一段时期内平均每年增长10%，从一个月700多元一直调到2200元。之后从10%降到6.5%，最后降到5%。“基数大了，正好这个时期，我们的经济增长速度也下来了。”受到疫情影响的2020年，养老金同样上涨5%，在董克用看来，这是“对广大退休人员的关怀”。http://t.cn/A62frMEl 原图 ,2020-05-27 10:27,167,12,34
J3AWbfcDG,【东北疫情缘何进入“加时赛”】有了武汉的抗疫经验，救治不再是最大难题，难点在于传染源追溯。户籍人口六十多万的舒兰不是口岸城市，但舒兰有近万人在俄罗斯经商，莫斯科华商聚集的大市场里，很多打工族都是舒兰人。舒兰市卫生局副局长于庆祝曾公开表示，4月8日到4月30日，共从两个口岸接回俄罗斯入境的舒兰籍人员308人，其中确诊的8人在吉林市传染病医院隔离治疗，其余300人都在舒兰市隔离。4月黑龙江疫情反弹时，吉林省领导提前给位于两省交界处的舒兰打了“预防针”，要求当地必须绷紧疫情防控这根弦。舒兰市公安局的女洗衣工虽然是当地首个确诊病例，但至今这是个“悬案”：没有省外活动史，暂时也没有境外、重点省份返吉人员接触史，感染源成谜。目前，流行病学调查仍在进行。吴安华向南方周末记者透露，舒兰市公安局有九十多位民警参与了回国人员返乡的接送，可能是某一环节存在疏漏，导致疫情在公安局扩散。http://t.cn/A62tTKBb 原图 ,2020-05-25 20:37,175,62,10
J30aVzbPb,【#全国政协开幕会默哀系委员提案#】21日下午，#全国政协十三届三次会议举行默哀仪式#。这次集体默哀，源自政协委员冯丹龙2月19日的提案：“为体现对生命的尊重，对在抗击新冠肺炎病毒疫情中牺牲的医护工作者和去世的群众表示哀悼”，建议在开幕会上全体委员默哀。第二天，全国政协提案委员会办公室即回复，“急事急办”，已转送政协办公厅。5月6日，冯丹龙接到电话，确认大会议程会有默哀仪式。【#全国政协开幕会默哀系委员提案#】21日下午，#全国政协十三届三次会议举行默哀仪式#。这次集体默哀，源自政协委员冯丹龙2月19日的提案：“为体现对生命的尊重，对在抗击新冠肺炎病毒疫情中牺牲的医护工作者和去世的群众表示哀悼”，建议在开幕会上全体委员默哀。第二天，全国政协提案委员会办公室即回复，“急事急办”，已转送政协办公厅。5月6日，冯丹龙接到电话，确认大会议程会有默哀仪式。http://t.cn/A622R7oP http://t.cn/A6228AAk ,2020-05-21 23:02,122,18,2
J22qv8Bhe,【“分餐制”宜大事推广】“分餐制”，对时下在抗击“新冠疫情”背景下重启经济，尤其是重振餐饮业的意义很大。这也触发了一段自己的少年回忆：我们家自从1980年代中期实行“分餐制”，至今已经三十多年。1980年代中期，还在上小学时，经历了“五讲四美三热爱”运动，其中一项内容：讲卫生……而学校在落实过程中，就请了医疗卫生专家来介绍“分餐制”，当时叫“公筷制”，建议用公筷把菜夹到自己碗中，再用自己的筷子入口。专家的介绍蛮吓人：传统用筷子直接夹菜进餐，每次沾染的微量唾液，一年累计起来，相当于自己与他人交换约100毫升口水。讲到这儿，专家拿出个可乐瓶，说：大致相当于每人喝半瓶别人的口水……把我给恶心得够呛。 http://t.cn/A6AgRTVR ,2020-05-15 14:55,96,44,43
J1tazCzAm,【健身房疫情中沉寂，有教练转做微商卖蛋白粉】健身房的商业模式，从诞生起就带着预付费行业的烙印：前期需要大量投入，用于门店租赁和装修、购买器材和招聘人员，后期需要健身教练尽可能将场地年卡或私教课程售卖给顾客，提前回笼资金偿还负债，或者增开新店吃掉更多的市场蛋糕。健身教练处于需求大于供给的地位，月均收入集中在1万到1.5万元之间。然而，由于疫情收入腰斩的健身教练，空有一身腱子肉，转行做起外卖骑手、做微商卖蛋白粉，不是段子，而是事实。5月，不少健身房已经复工，却依然面临客流减少、成本增加、营业受限等问题。疫情或许可以让这个以健康为底色的行业挤掉资本泡沫，加快优胜劣汰。http://t.cn/A6AYHEvm 原图 ,2020-05-11 21:10,55,9,22
J0SePvwuk,【一季度GDP成绩单复盘：这26城为何逆势增长？】此次疫情期间，舟山市疫情防控到位，快速组织复工复产，一季度GDP增长贡献主要来自石油加工和船舶修造两大类产业。陕西榆林一季度总产值同比增加4.2%，产值、增速均逆势上涨的拉力来自煤炭。除了舟山和榆林，一季度经济增速排名靠前的城市还有新疆巴音郭楞和辽宁盘锦。广东社会科学院专家丁力告诉南方周末记者，上述城市都属于工业资源型城市。能源产业属于工业上游原料，距离市场仍有一定距离，市场需求波动无法从GDP体现。且一季度订单多来自2019年，只要按计划执行生产，就能保证产量。即使疫情暴发，作为工业原料的能源产品，从长远来看，依然是刚需。由此可见，能源工业成为这些城市的经济压舱石。这些增速为正的城市，平时较少受到关注，GDP总量不高，一季度以百亿级居多。暨南大学教授、华南城市研究会会长胡刚对南方周末记者说，疫情影响下，各省市都难以独善其身。经济体量较小的城市，有一两个重大项目就能拉动GDP。http://t.cn/A6A0VWFZ 原图 ,2020-05-07 23:09,74,35,34
J0I6ilJZF,【单克隆抗体治疗新冠肺炎重症患者具有良好潜力】最近，国内外多家研究机构正在积极开展单克隆抗体治疗新冠肺炎的临床试验，希望率先研发出单克隆抗体药物。据空军军医大学陈志南院士等人2020年3月24日提前发布在医学预印本网站MedRxiv未经同行评议的论文显示，他们已完成一项人源化抗CD147单克隆抗体（Meplazumab，美普拉珠单抗）治疗新冠肺炎的小型临床试验，显著改善了新冠肺炎患者的症状，并将病毒核酸转阴时间从平均13天缩短到3天。其团队更早些的一项研究结果表明，除了广为人知的血管紧张素转换酶2（ACE2）途径之外，新冠病毒可通过CD147等新途径入侵宿主细胞。美普拉珠单抗可竞争性结合CD147，阻断新冠病毒刺突蛋白与CD147的结合，阻止病毒继续感染新的细胞，显示该抗体具有治疗新冠肺炎的潜力。http://t.cn/A6A9tztk 原图 ,2020-05-06 21:20,55,19,15
IFLvuC6eZ,【市县“两会”因疫制宜 缩短会期、增派医生、视频连线】3月下旬开始，随着疫情形势趋稳，地方“两会”陆续启幕，截至目前，已有内蒙古、青海、山西、四川、广西、浙江等地的市县在探路。曾是浙江疫情最严重的城市，温州对会议期间的防控提出了这些要求：会场空出一半座位，空位贴上“请勿入座”的字条，所有代表、委员隔位就坐，保持间距，会议期间不准“交头接耳”，与他人交流须保持1米以上社交距离。“今年开会就是两点一线。”詹海霞说，这无意中也带来了想不到的效果：“我们就一门心思地开会，发的文件都反复地看。”毗邻温州的丽水，在“两会”期间也对驻地实行封闭式管理，不能串门，不能聚餐，进了酒店未经批准就不允许出门。http://t.cn/A6AqhVMg 原图 ,2020-04-30 22:39,49,16,16
IFsoyrNMO,为展现企业从抗疫初期，到复工复产后企业负责人对疫情防控的全局思考和系统行动，以及疫情给企业经营带来的影响和企业的应对之策，南方周末中国企业社会责任研究中心推出【对话“疫线”企业家】，访谈了来自14个行业的40余位企业家，系统呈现了企业家的可持续发展方法论。了解专题更多内容：http://t.cn/A6AAg1EK 原图 ,2020-04-28 22:00,15,3,4
IFrxF56HD,【学者郑永年谈“有限的全球化”】郑永年对外界的变化相当敏感，面对新冠疫情对世界各国经济、政治和社会治理等方面造成的冲击和影响，他不断撰文发表自己的观点。最近，郑永年每天都在关注美国的失业率，因为如果失业率过高，怎么控制恐慌是社会治理很大的一个问题。“比病毒本身更严重的是病毒引起的社会恐慌”，他提醒，从历史上看，西方国家对社会的恐慌的控制能力是很低的。“不要忘记二战期间意大利、德国的法西斯，那些我们现在称之为邪恶之人的墨索里尼、希特勒在当时是多么受老百姓拥戴。”所以他现在很担心，本来民粹主义已经很强烈了，现在又加上疫情，会导向什么结果。http://t.cn/A6AACZrb 原图 ,2020-04-28 19:49,72,37,17
IFpZLtB2D,【在阴谋论者眼里，比尔·盖茨缘何成了“灭霸”】比尔·盖茨最近有点烦，祸起于2015年的“神预言”。盖茨当时做客TED演讲，说道，“如果在未来几十年内，有什么东西能够杀死超过1000万人，那很可能是一种高度传染性的病毒，而不是战争”。他还细节到这种病毒应该是“无症状携带者+超强传播性+一定致病性”这三者的结合。疫情暴发后，盖茨第一时间展开了抗疫行动，表示将投入数十亿美元建厂同时研发多种疫苗。不过在阴谋论者眼里，盖茨因为预言被坐实了“病毒制造者”角色，对他的谩骂铺天盖地。反盖茨的最高潮意想不到地发生在南非。3月31日，南非的推特热搜榜上盖茨相关话题排在第三。事情的起因是两名法国专家在节目上讨论是否应该在南非进行第一轮疫苗试验，而节目中两位专家都赞同这个做法。这事就没头没脑地扣在了盖茨身上。可是，自始至终盖茨也没有对南非的疫情有过任何表态，唯一的联系就是“疫苗”——可是，那也不是盖茨家的疫苗。http://t.cn/A6AweRh6 原图 ,2020-04-28 15:53,254,69,51
IFjLByvyU,【疫情问责“疾风骤雨”，多地纠偏防止泛化】有的地方没有做到“问责一个，警醒一片”，而是问责“一大片”。北京大学廉政研究中心副主任庄德水表示：疫情再次将精准问责、规范执纪的话题推到前台，“此种形势下，问责更需实事求是，绝不能让问责数量成为衡量监督力度的关键指标”。不少纪检系统的官员表示，防止泛化和防止问责不力就像一枚硬币的两面，平衡并不容易把握。“包容点就是问责不力，严格点就是简单化、泛化。”http://t.cn/A6AZ7af2 原图 ,2020-04-28 00:02,178,41,58
IFakJ2phu,【一道隔板让他们面对面就餐】近日，意大利罗马的一家餐厅的老板，试着在餐厅内的餐桌上安装一道隔板，以此来解决新冠疫情下顾客们不能够面对面用餐的难题。一道隔板让他们面对面就餐  [组图共3张] 原图 ,2020-04-27 00:01,92,25,28
IF0u32u9t,【疫情期间被暂停的中央空调，天热了能开吗？】南方周末记者采访了多位业内人士，他们的共识是：中央空调自带的新风系统可以稀释病毒浓度，正确使用中央空调的过滤装置并保证一定的洁净空气量，可以大大降低交叉感染的风险。而一旦发现确诊病例，应及时关闭中央空调系统，并进行消杀隔离。担忧并非第一次出现，2003年SARS期间，能不能开空调也备受关注。关于中央空调运行的唯一一份国家标准《通风空调系统运行管理规范》（GB50365-2005）在此背景下制定，后于2019年修订。虽然标准对传染病、化学、生物等突发污染事件的应急处置作出了规定，但17年过去，中央空调重临开机“大考”，定期检修、滤芯清洗和更换等维护缺位的老问题再度浮出水面。http://t.cn/A6wBoOAC 原图 ,2020-04-25 22:56,86,49,38
IEMIDkn52,【扬中变“熔喷布之乡”  暴富神话暗藏致命风险】熔喷布是N95口罩、普通医用口罩的核心原料，用于口罩中间的过滤层，被称为口罩的“心脏”。作为一种化工产品，它以每卷重量计件，“175/25”指宽度175毫米，每平方米25克，“99”则指可以过滤99%的非油性颗粒物。一位熟悉石化行业的采访对象说，过去熔喷布主要是民营企业生产，利润低，没什么厂家做。疫情之后，中石化、中石油才开始投入大型的生产线，在“国字头”入场前，有个时间差，这些小企业和家庭作坊就在这段时间差里疯狂繁殖。江苏扬中，就在这个时间差中被冠以“熔喷布之乡”的称号。这是一座拥有34万人口、位于江苏省中南部的县级市。2020年4月16日，当地政府宣布对所有熔喷布生产企业进行停产整顿。此时，做这门生意的扬中人已经疯狂敛财两个月。在闸门拉下后，这一产业并未偃旗息鼓，而是悄然向全国多地暗中转移。http://t.cn/A6wdv4Ja 原图 ,2020-04-24 11:54,292,48,68
IEHtGogtQ,【疫中寻书：阅读是一座随身携带的避难所】初版于1947年的《鼠疫》也重新流行起来。2020年1月下旬，《鼠疫》在法国的销售达到了顶峰，一周卖出1700册。而在欧洲疫情最严重的意大利，它在网络书店上的排名上升至第三位，销量翻了三倍。疫情暴发的那段时间，龚瑜的朋友圈被物资告急的信息刷屏。读完《鼠疫》，她觉得“很多事情反复上演，人类又反复遗忘”。采访时，龚瑜脱口背诵了书中的一段话——“天灾人祸本是常见之事，然而当灾祸落在大家头上时，谁都难以相信那会是灾祸。人世间经历过多少鼠疫和战争，两者的次数不分轩轾，然而无论面对鼠疫还是面对战争，人们都同样措手不及。”http://t.cn/A6w1j9lY 原图 ,2020-04-23 22:33,173,58,33
IEy4G5YoO,【封城后的隐秘送药人】解封的武汉，王兵松了口气，再不用去送药了。王兵工作于武汉市黄陂区疾控中心艾滋病防治科，疫情期间，除了做新冠病毒感染者的流行病学调查，他还默默地给多位因为交通管制而无法领药的艾滋病病毒感染者送药。湖北省宜昌市疾控中心的杨玉兰，是美沙酮维持治疗工作者，美沙酮是一种人工合成的镇痛药品，由于毒副作用较低，成瘾性较小，被用于治疗阿片类药物成瘾，也就是戒毒。为避免私下的非法交易，艾滋病毒感染者和戒毒者需要到定点医院领取药物，美沙酮管理更加严格，不允许患者带走，必须要在门诊内服药。疫情封了城，也断了这些患者的药，这是一种不能言说的、隐秘的病痛。一名美沙酮维持治疗患者曾对杨玉兰强调，上门的时候一定不能让他母亲知道。这名病人是一个小企业家，在行业里有较广的人脉，母亲年过八旬，“她无论如何也不会把儿子和‘瘾君子’联系到一起。”http://t.cn/A6wma9MM 原图 ,2020-04-22 22:37,151,33,17
IDDT68UGw,【武汉雷神山医院正式休舱 68天收治患者2011人】2020年4月15日，武汉雷神山医院正式休舱。这所为抗击新冠肺炎疫情而建的专门医院，68天收治患者2011人。1月26日开始建设、2月8日收治首批病人、4月14日患者清零，实现了全院三千余名医护人员、志愿者零感染。根据院方提供的数据显示，投用68天中。除了接管单位武汉大学中南医院的466名医护人员外，共有来自全国9省市、16支医疗队、286家医院的3202名医护人员陆续进驻，加上660名后勤人员、总计3862人加入过雷神山医院。雷神山医院患者病亡率控制在2.1%左右，在湖北省新冠肺炎定点医院中病亡率较低。  http://t.cn/A6wSDeU0 ,2020-04-16 23:34,264,52,21
IDDM2bMBx,【口罩紧缺，世界各国赶到中国上演航空“补货”秀】中国这个“世界工厂”在疫情得到有效控制后，开始开足马力生产全球抗疫急需的医疗防护物资，包括各种医疗口罩、防护服、呼吸机等各国防疫急需的产品。截至目前，全球已经有二十多个国家派遣货机、客机和军用运输机等，前往我国北京、上海、深圳、天津等地装载物资。  http://t.cn/A6wSgiff ,2020-04-16 23:17,186,54,45
IDtS7yptu,#武汉来信#【医学非万能，共情要适度】这是广东援汉的第一位精神科医生甘照宇，写给一位武汉护士的信，这位护士负责看护的病人自杀了。甘医生在信中写道：“我记得我当时和你说，发生这种事并不是你的错。你回想这整个过程，其实你没有做错什么，你没有违反任何医学上的操作流程。在疫情早期，各种医疗和社会支持都还没有跟上，而自杀干预需要非常专业的精神医学介入。”“医学不是万能的，医护人员个人的能力更是有边界的。这次抗疫，外界把医生、护士当作英雄一样去看待，其实是对医护人员这一群体寄予了尽快扼制疫情发展、尽可能挽救更多生命的期望。但从个人层面来讲，我们每一个人所能做的改变是有限的。那种力挽狂澜、无所不能的“英雄”，只存在于影视作品或者文学创作中，在现实中是不存在的。如果我们把“集体的英雄主义”理解为“个人的英雄主义”，把自己塑造成所谓的“英雄”，就很有可能在遭遇挫折或者经历救治无效时陷入自责。当下，国内的疫情已被基本控制。作为曾经在武汉最危急的时刻奔赴前线并坚持抗疫到底的医护人员，你已经问心无愧。”http://t.cn/A6w6hLlq 原图 ,2020-04-15 22:05,341,94,36
IDtuY7uVj,#武汉来信#【咱要堂堂正正地活下去】2020年2月8日，李丽娜在小区阳台上敲锣哭诉，为病重母亲求助。这一疫中细节，曾引发了众多关切和争议。在这封给母亲的信中她写道：“因为去敲了锣，很多人知道咱们母女两个人被感染过新冠肺炎的情况，不过，我也没觉得得过这个病有什么好隐瞒的，有些老人家思想上有包袱，回去之后偷偷摸摸，很没有必要，这会让以后的生活举步维艰。咱要堂堂正正地生活下去。得知咱们出院的消息，有媒体想要一张我和你在一起、看上去很幸福的照片，我觉得这样不合适，就没有给，这对那些有亲人去世的人们是一种不礼貌。疫情快结束了，可是伤痛还在，生活里的困难才刚刚开始。我在昙华林开的那家咖啡馆，歇业几个月了，解封之后生意怎么样，都还不一定。接下来，我会全力以赴，把精力投入到工作中，努力赚钱，让你和娃娃，生活得好一点。”（配图为李丽娜康复后，在医院捐献血浆。）http://t.cn/A6wiB73v 原图 ,2020-04-15 21:07,651,97,62
IDpskpKO0,【#特朗普宣布暂停资助世卫组织#】当地时间14日的白宫记者会上，特朗普宣布美国将暂停资助世界卫生组织，他指责世界卫生组织没有及时分享疫情信息，没有及时提供防疫政策建议，没有及时宣布“全球大流行”等。（央视）  ,2020-04-15 10:50,133,13,40
IDp50CLH0,从来没有英雄从天而降，只有一个个平凡人挺身而出。这个特别的寒冬，感谢这些坚守一线抗疫的普通人，是他们的默默付出，让我们可以再次与大家笑脸相迎。他们由于长时间佩戴口罩工作，不少一线抗疫人员出现了“口罩脸”的问题。樊文花发起#樊文花4000门店守护逆行者最美笑脸#公益行动，除捐赠面部肌肤修复物资外，即日起至5月15日全国4000家门店为逆行者免费提供面部护理服务，以实际行动守护逆行者最美笑脸。 @樊文花面部护理连锁 @李艾  @言真INKY @佘诗曼Charmaine [组图共10张] 原图 ,2020-04-15 09:53,126,20,13
IDjfe4Agu,#武汉来信#【常常去治愈，总是去帮助，永远去安慰】邱海波是东南大学附属中大医院副院长，亦是中央指导组专家组成员。抵汉近三月，奔波于ICU病房。他觉得，有个问题值得问他的学生：这场大疫情，对这些即将成为ICU医生的年轻人来说，意味着什么？“我在一个采访里说，临床医生就是要守在床边。这话是我有感而发，说的时候心里在滴血。有超过三千名我们的同道感染了新冠病毒，还有59名离世。这让医务人员的工作更加艰难，即使防护物资不再缺乏，我们仍然需要克服内心的恐惧。我也曾在采访里说，重症病人在哪里，我们就在哪里。这并不是一句高昂的口号，而是作为一个医生，面对一个感染未知病毒的病人，我不知道怎么救的时候，也许最好的办法就是陪伴病人走完最后的路程。我们要给病人信心，我们要与病人在一起，人性，或许说是人性的光辉正在其中体现。”http://t.cn/A6wIu8UJ 原图 ,2020-04-14 19:01,169,28,16
ID9IZtYzg,【全球“抢购”呼吸机】工信部产业政策与法规司司长许科敏公布的数据显示，国内21家有创呼吸机生产企业中，有8家的主要产品取得了欧盟强制性CE认证，周产能约2200台，占全球产能五分之一，目前已签订单量约2万台。鱼跃医疗呼吸机产品总监王诗谊向南方记者表示，目前国内呼吸机厂家总共31家，其中无创呼吸机厂家获得CE认证的不足5家。迈瑞医疗在中国院用有创呼吸机出口占比达60%以上，国内抗疫期间，迈瑞医疗每月供给国内1000台以上有创呼吸机，目前每日产能已提升至近百台，海外订单量高达近万台，生产期已排到6月份。谊安医疗也向南方周末记者表示，来自世界各国的几千台呼吸机订单已排到6月，暂不接受新的订购。“绿色通道”只是打开大门，仍有诸多关口等着呼吸机企业，特别是出口呼吸机的售后和安装服务，是中国呼吸机厂家面临的下一个难题。“因为中国有抗击非典的经验，无创呼吸机在中国的普及率比海外要高，很多国际医生并不熟悉无创呼吸机。所以我们发货时配有英文使用手册、安装视频、常见问题等辅助素材，让医生快速上手。”http://t.cn/A6wGvRsw 原图 ,2020-04-13 18:47,69,29,9
ICHp8ody2,【江城寸纸：解封时刻，#武汉来信# 】从“封城”到解封，武汉76个昼夜，一切恍如隔世。人世间的生死离别、大疫情下的人生百态，重重地砸在了每一个人的心底。有太多的呼喊忘不掉，有太多的泪水擦不尽，这些悲喜瞬间都写进了江城的历史里。城门重启了，我们选择不忘记，选择用书信的方式，铭记亲人、挚友、同道、师徒之间隔离不了的想念。见字如面，愿寸纸之间、疫情之下，重新发现身边值得珍惜的人与事：http://t.cn/A6wAnkjP 原图 ,2020-04-10 18:41,110,38,9
ICy2E2wgf,【#各地开学时间汇总#】今天，三省市公布开学时间。①广东：4月27日，高三、初三年级开学，5月11日后，各地根据疫情防控情况分期、分批、错峰安排中小学其他年级学生返校；②河北：4月23日，高三年级开学，初中学校毕业年级学生和中职学校毕业年级报名参加高考学生5月7日开学；③上海：4月27日，高三、初三年级开学，各高校及中等职业学校可从27日起开始安排毕业年级学生返校。更多↓（人民日报） 原图 ,2020-04-09 18:51,57,11,11
ICgpsnNxZ,【#武汉8日起公交地铁线网恢复规模将达70%#】据新华社报道，为做好解除离汉通道管控后的交通运输保障工作，武汉将于8日起恢复346条公交线路、7条地铁线路以及巡游出租车运营。武汉交通运输部门表示，公共交通将根据客流情况适时调整运力安排，后续根据疫情防控形势逐步有序恢复运营。　　记者7日从武汉市交通运输局获悉，离汉通道即将解除管控，为做好交通运输保障工作，从4月8日起，武汉在已批准恢复316条公交线路运营的基础上，再恢复公交线路30条，线网恢复规模占全网70%；在恢复地铁1号线、2号线、3号线、4号线、6号线、7号线等6条线路运营的基础上，再恢复8号线运营，线网恢复规模占全网78%；恢复有轨电车、轮渡运营；恢复全市长途汽车客运站运营，市域内客运班线恢复运营，市际客运班线采取“点对点”一站式运输，省际客运班线暂不恢复；恢复巡游出租车运营，根据疫情形势变化和市场状况，适时恢复网络预约出租车运营。　　武汉市交通运输局相关负责人表示，为保证公共交通运营安全，乘坐交通工具实行实名登记、扫码乘车，同时控制客座率。对在交通工具和场站体温检测发现的发热人员，由发现地所在辖区就近、就地进行处置。　　据悉，目前，武汉全市交通运输企业已对交通工具进行了安全技术性能检测和整修，每天组织3600余名工作人员对交通站场公共区域进行消杀，拟恢复营运的场站实现100%消杀。公共交通将根据客流情况适时调整运力安排，后续根据疫情防控形势逐步有序恢复运营。 原图 ,2020-04-07 21:58,75,8,2
IC3LWpGP0,#武汉又要见面了# 截止目前，武汉上百条公交主线路恢复运输，上万家餐饮店陆续恢复外卖，累计近万个小区无疫情，开发区近百家规上工业企业实现了“应复尽复”，联想武汉产业基地已实现万人到岗复工满产。那些没能摧毁我们的，终将让我们更加强大！待到春江水暖时，这座城的繁荣将绚烂依然 #解封后你最大心愿是什么#  http://t.cn/A6ZBO1JU ,2020-04-06 13:48,2704,3354,3296
IC3BEqV6s,【纽约动物园一老虎新冠病毒检测呈阳性】美国纽约市布朗克斯动物园5日发表声明说，该园一只4岁的雌性马来亚虎新冠病毒检测结果为阳性。声明说，这只名为纳迪娅的老虎近期出现了干咳现象。跟它有同样症状的还包括它的同胞姐妹阿苏尔，以及2只东北虎和3只非洲狮。由于要实施麻醉才能采样进行病毒检测，工作人员只检测了症状最严重的纳迪娅。阳性结果已得到美国农业部下属国家兽医学实验所确认。布朗克斯动物园是美国最知名的动物园之一，受新冠疫情影响，已于3月16日暂时关闭。声明说，这些动物可能是被此前照料它们的一名饲养员传染的。这名饲养员是无症状感染者或在与它们有接触时还未出现症状。动物园方面表示，除食欲不振外，这几只受影响的动物目前状况良好。动物园将对它们保持密切观察，并期待它们完全康复。声明说，目前在美国没有发现人类会从动物身上感染新冠病毒的证据。（新华社） ,2020-04-06 13:22,598,18,39
IBJuw8w2z,【#全国人民默哀3分钟#】深切悼念新冠肺炎疫情牺牲烈士和逝世同胞！（央视）央视新闻的微博视频  ,2020-04-04 10:10,900,143,55
IBED142gl,#南周电子报上新#【封面报道 | 疫情时期的世界工厂】“能让公司撑下去的路子，就是改产防护服。”本期看点：高考延期决策“一波三折”、被疫情改变的意大利、防疫下半场，谁来驱走心理病魔……南周会员可原汁原味畅读，点此阅读>>>http://t.cn/A6ZTD3dn  [组图共3张] 原图 ,2020-04-03 21:47,120,11,7
IBDufwzWd,【疫情时期的世界工厂 “没有世界，工厂焉存”】两周之内，服装出口贸易商于洋的订单经历了被“Push”到“Cancel”的巨大转折。于洋的服装贸易公司位于安徽合肥，但他的供应商遍布全国。2020年2月中旬，国外催单紧张，于洋联系的一家位于浙江的袜子供应商不得不想办法赶工交货，一系列生产工序交由多条村子协作完成。为了避免接触，双方只能约定在村子的交界处交接。就这样连续“碰头”半个月后，这批货终于赶制出来。但没想到，客户却突然要求暂缓发货。刚刚缓了一口气的中国供应商们，正被迫面对来自海外疫情的压力。于洋切身体会到，在全球化的今天，作为世界工厂的中国，与世界同凉热。http://t.cn/A6ZTY7s8 原图 ,2020-04-03 18:53,447,72,82
IBu8JcsPm,【“改航换道”，医疗物资的全球之旅】在广州从事跨境电商工作的陈梦平对货物运输很熟悉，此次疫情下，他被朋友拉入了各大组织的微信群，协助了很多医疗物资国际运输的活动。他对南方周末记者透露，随着全球航班不断缩减，目前航空运力减少到不足40%，运价持续攀升。以欧洲运至中国为例，疫情前正常的货运是每公斤1欧元；2月，海外华人忙着把海外物资运回国，价格涨至每公斤3欧元；3月，国内开始把物资出口到国外，价格飙升至每公斤5欧元。3月17日，上海飞沙特阿拉伯的货物航空运价居然冲高至每公斤200元人民币。“业内人都惊呆了，报价每天在破历史纪录。”由于航班舱位严重不足，陈梦平称，目前航空货运还新增了每单几百到几千不等的排舱费。比起此前物资从海外运回国，当下要把物资从国内运出去已然更难。在他看来，运输费用往往比物资总价还贵，除了政府机构或大型民间组织，个人很难有能力进行大规模的物资运输。http://t.cn/A6ZO7VIa 原图 ,2020-04-02 19:05,44,22,10
IBu1S1u5m,【连续两天日本新冠肺炎患者新增人数超二百例】据日本放送协会（NHK）2020年4月1日报道，日本厚生劳动省和各地政府公布的数据显示，截至当地时间4月1日23时30分日本当天新增265例新冠肺炎患者，是疫情暴发以来最高单日新增病例数。4月1日和3月31日连续两天的新增感染人数均超过200例。东京都和大阪府分别于30日和31日呼吁民众在夜间不要去歌厅、俱乐部等场所，同时避开人员密集、较为封闭的场合。  http://t.cn/A6ZWT81b ,2020-04-02 18:48,34,13,23
IBkKWw4vQ,【海外互助群的自救行动】在德国读研一的女生盛心怡原本准备3月17日回国。但在起飞前，她退了票，决定留下。疫情暴发以来，大批留学生面临学校停课、家庭催促，纷纷从欧洲、美洲、澳洲等地赶回国，但更多留学生因为种种经济和生活的考虑，和盛心怡一样留了下来。盛心怡感到“疫情压力很重”，好在3月中旬，她被拉进了一个由当地华人组织的志愿互助群，群主是一家亚洲超市的老板娘，盛心怡平时常去这家超市购物。疫情在德国暴发后，超市里开始卖一次性医用口罩。市面上紧缺，但超市里“都是平价的，6欧元10个，每人凭学生证限购10个”。盛心怡感到惊喜。超市售卖的这批口罩，共有一万多只，由“亚琛华人应对新冠志愿者信息和服务中心”提供。这家志愿者组织3月1日才成立。组织者主要是当地华侨，包括当地中餐馆、超市和当地两所大学的学生组织。该团队做的事情主要是“积极整合调动各类资源，为当地华人提供资讯、咨询帮助”，具体则是寻找口罩的购买渠道，请中国一线的医学工作者给身体不舒服但无法去医院的求助者做在线咨询，也给居家隔离的华人送必需的生活物资。http://t.cn/A6ZNXlbP 原图 ,2020-04-01 19:12,601,48,36
IBkC4jES7,【新冠病毒的狡猾之处】新型冠状病毒肺炎疫情仍在快速蔓延，截止到2020年3月26日，全球确诊感染案例已有近50万，而两个月前，这个数字还只是一两千。在这两个月的时间里，SARS-CoV-2病毒为何在人们有所准备的情况下，还能突破各国防线，快速传遍全世界呢？随着对该病毒传播规律的发现增多，其狡猾之处正被陆续揭示出来：新冠病毒的传染性和症状发展在时间上出现明显的不一致，大部分人病毒载量刚发病后就很高，而与病毒载量类似的是，病人体内的抗体水平也与症状轻重没有明显关系。http://t.cn/A6ZNM1QY 原图 ,2020-04-01 18:50,78,22,28
IBblGc07f,【专访中央指导组专家组成员管向东】近日出现的无症状感染者、复阳患者等现象，引发公众对于疫情是否会出现反弹等问题的担忧。针对这些问题，3月27日晚，南方周末记者专访了中央指导组专家组成员管向东。管向东是国内重症医学领域的权威专家。对无症状感染者的传染性问题，他认为“传染性也有时间期限，并非携带病毒一直传染，这个时间通常在一周到10天左右，病毒传染性会慢慢消失，这和病毒在人体内存活时间以及抗体对病毒综合消灭相关。所以来自疫区的人需要隔离15天，其间不接触任何人。基本上15天内无症状感染者会出现症状，如果无症状感染者不发病，其免疫系统在刺激之下也会产生抗体，从而消灭病毒。”http://t.cn/A6Zo7VTD 原图 ,2020-03-31 19:15,91,23,20
IB3MFDOLx,《南方人物周刊》战疫纪念画册，为你的特殊记忆存档没有从天而降的英雄，只有挺身而出的凡人。新冠肺炎病毒席卷而来，在疫情面前，全国上下一心，众志成城，同心战疫。当打赢这场没有硝烟的战“疫”后，让我们记住这些跟我们一起并肩作战的英雄......《南方人物周刊》战“疫”纪念画册--预售  原图 ,2020-03-30 23:59,107,20,42
IATbpfWjG,【越南禁止大米出口，要关注但不必恐慌】从我国粮食进口的结构看，虽然从越南进口的大米数量排名第一，但是总量不过区区47.7万吨。与我国上一年度还对外出口的277万吨相比，只是个零头。加之从越南进口的主要是碎米、低端大米的工业原料为主，缺口补上并不难。我国大米进口总体上是结构补充，而不是数量补缺。越南进口进入低端市场、泰国进口针对高端市场，大米基本需求的对外依存度并不高。全球物流体系庞大、环节众多，出口国的国内物流、口岸运行受疫情干扰的可能性远大于疫情导致粮食减产。不能排除个别出口国家出现物流停顿的局面，可能会一定程度上影响我国的粮食进口。这种影响首先会体现在价格上，而不是供应缺口。http://t.cn/A6ZIXheY 原图 ,2020-03-29 21:00,488,111,293
IASseyVyX,【疫中书店：“这个时候选择结业，也不算太丢脸吧”】春节过后，疫情加剧，包括医院书店在内的晓风各家分店都停摆了。“现在是最难的时候，哪怕是‘非典’期间都没有这么难。”晓风第一家店1996年开张。停业一个月后，2020年2月24日，晓风重新开业，读者寥寥，第一天才来了十五个客人。全国绝大多数实体书店，都经历着和晓风差不多的困境。据实体书店联盟“书萌”2020年2月初对全国1021家书店的调查，截至2020年2月5日，90.7%的书店选择停业，超过99%的书店没有正常收入。受疫情影响更大的群体，是现金流更加紧张的中小型实体书店，房租、人工、货款，每一项都在成为它们的重担。http://t.cn/A6ZcD9nw 原图 ,2020-03-29 19:09,338,93,69
IAShqp4Go,【为了防疫，比利时把长椅封了】近日，为了遏制新冠肺炎疫情蔓延，比利时在全国范围内实施“封城”，除上下班，购买食品、药品，就医等特定情况外，全国民众必须待在家中。为了减少民众聚集，比利时布鲁塞尔的一个街心公园的长椅被拉上了警戒线。为了防疫，比利时把长椅封了  [组图共3张] 原图 ,2020-03-29 18:42,105,26,26
IAIYuwA1H,【新冠时期的离婚 ，“都是蓄谋已久”】妻子赞赏李跃华有爱心，疫期不顾个人安危治病救人，进而责怪丈夫质疑其行医能力，“总把人想得这么坏”。丈夫则抢过电话抱怨：“我怎么就和一个没见识的女人在一起生活呢？”“他们争的其实不是怎么看待‘神医’。而是作为夫妻，对方没有理解与认同自己的价值观，他们为此感到难过。”从业二十余年，田子君旁观过许多婚姻。2020年开年至今的新冠疫情，将许多“以前没空较真”的夫妻长时间困在家里，彼此间的观念冲突暴露无遗。网友们查询到一些城市近期离婚预约爆满，并以此证明疫情中婚姻关系的脆弱。但田子君有不尽相同的解读，她觉得“疫情推高离婚率”更像是蹭热点的说法：“这些年，中国的离婚率一直持续走高，并不是由某一个突发事件引起的。大疫情更多只是把家庭中固有的矛盾激化了。”http://t.cn/A6ZGDTRV 原图 ,2020-03-28 19:01,250,57,54
IAzGFaIkC,【#英国首相新冠病毒检测阳性#】据英国广播公司27日报道，英国首相鲍里斯·约翰逊新冠病毒检测呈阳性。  原图 ,2020-03-27 19:22,266,85,103
IAzGi969b,【“患者栖息地”的封城六十天】一座30层高的公寓楼矗立在华中科技大学同济医学院附属协和医院的马路对面。站在公寓的高层，可以俯瞰整个医院。这所曾经的教会医院始建于1866年，位于武汉江汉区。像很多城市医院附近的公寓一样，天瑞国际也专门为前来就医的患者和家属提供长租或短租服务，有人将这些地方称为“患者栖息地”。这个公寓分为A、B两座，其中B座160户是患者集中居住的地方，每层楼有几十个房间，以一室一厅的户型为主。这场突如其来的疫情，打乱了租客们的计划。在武汉封城六十多天里，这些患者陷入动弹不得的困境。不仅就医困难，返乡也变得不可能。http://t.cn/A6Z446oS 原图 ,2020-03-27 19:21,34,9,5
IAyMl1F6J,全民网课元年，教师变“主播”，学生云点赞，远程教学成为新常态。后疫情时代，传统课堂和云课堂孰轻孰重，在线教育如何更好地让学生置身其中？欢迎加入云探讨，在3月28日（本周六）下午3点，一窥在线英语的成长与未来。点击链接http://t.cn/A6ZAXWfj或扫描图中二维码，即可进入直播间@斗鱼直播平台  原图 ,2020-03-27 17:03,33,9,9
IAq5U8X0I,【#武汉解封倒计时#】第一列返汉复工列车送来1013名工人，107个过江、跨区的防疫检查点撤除，三大火车站陆续完成消杀，“等待上级复工指示”的司机、乘务、后勤人员数以万计。这些武汉交通动脉上的点滴涌动，都比公园里盛放的樱花更令人惊喜。想让这座九州通衢的城市重新“呼吸”，打通交通“血脉”只是第一步。在湖北省内，武汉的流动政策可谓“宽进严出”，真正的武汉“解封”，打开离汉离鄂通道，计划在4月8日启动。“疫情防控成果来之不易，要保住，但城市恢复，复工复产的脚步也得再快一点。”武汉市疫情防控指挥部运输保障与环境整治组成员、武汉市交通运输局新闻中心主任吕作武对南方周末记者说。这成了几乎所有武汉人的心声。http://t.cn/A6ZAwWkS [组图共3张] 原图 ,2020-03-26 18:57,153,26,17
IApXonrMN,【拿不到确诊证明的“疑似”医护】由于核酸检测结果为阴性，部分医护尽管出现了新冠肺炎患者的典型临床症状，也拿到了血检、CT等检验报告，但“疑似”的标签还是牢牢伴随着他们。无法拿到确诊证明，使得后续的工伤认定、申领商业保险理赔和公益基金资助等都陷入不确定性中。对于确诊感染的绝大多数医护人员来说，触手可及的是保险产品中包括的确诊保障金和确诊住院补贴。这些理赔往往需要这些医务工作者主动报案，并提供相关证明材料交由机构审核，包括抗击疫情的工作证明、确诊感染新冠病毒的医学证明等。部分保险机构要求，医护人员必须提供由医院盖章的因抗疫感染的一线医护证明，非医生或护士的医务工作者（如医院后勤人员等）并不在其理赔范围之中。http://t.cn/A6ZAoTJT 原图 ,2020-03-26 18:36,936,157,152
IAio8xrBt,【复工返程现“汉坦病毒”致死病例：人传人罕见，有疫苗可防】23日凌晨，山东荣成市的一家单位派出包车，车行至陕西省安康市宁陕县时，随车医务人员发现田某某出现不适。当地120急救中心将田某某接至县医院急诊科，23日7时许，田某某救治无效死亡。根据陕西省安康市宁陕县的情况说明，死者的汉坦病毒（出血热）核酸检测为阳性。听上去陌生，但出血热其实不是一种新发传染病。流行性出血热由汉坦病毒引起，是一种以发热、出血、肾损害为主要症状的严重急性传染病，传播疾病的主要是野生老鼠。病毒能通过宿主动物的血及唾液、尿、便排出。目前，流行性出血热在国内没有“人传人”的报道，但是阿根廷曾出现过人传人的案例。此次“复工人员病亡”事件的处置中，和死者同车的其他29人已经全部就地进行医学观察。流行性出血热目前并没有十分有效的治疗手段，疫苗接种可以起到“防”大于“治”的效果。2008年，双价肾综合征出血热灭活疫苗被纳入了扩大免疫规划，在高发地区，16-60岁人群可以免费接种。http://t.cn/A6ZzTCmx 原图 ,2020-03-25 23:20,584,154,158
IA64A38WN,【武汉医院恢复常规诊疗，如何预防新冠病毒感染？】恢复常规诊疗，曾经的“污染区”要进行“大消杀”。王宁新感到，新冠肺炎患者出院后，消毒的工作量比他们住院时更大，“所有东西、每一个角落都要消毒杀菌，包括床单、被褥、窗帘、地面等”。3月10日，武汉九康医院不再作为轻症患者收治医院，王宁新是负责消杀工作的医生。最后一名新冠肺炎患者出院后，武汉九康医院进行了成立以来最大规模的一次消杀：所有医护人员参与，持续三天，医院4000平米每一处角落都不能遗漏。物体表面要喷洒1000mg/L的84消毒液，电子产品用75%的酒精擦拭，患者接触较多的水龙头、呼叫器按钮、开关、马桶按钮、床头柜等，要特别注意。地面也精心设计了消毒人员的行走路线，单次往返喷洒两遍消毒剂，每天重复多遍。在室内，定时开窗、密闭喷洒消毒液和空气消毒机多种方法依次进行。空调的滤网也被卸下，浸泡高浓度消毒液半小时，刷干净、晾干，闲置至少1个月再使用。http://t.cn/A6zs3xOZ [组图共2张] 原图 ,2020-03-24 15:58,118,12,16
IzWNXsphA,【疫情中的家暴受害者：被削弱的自救系统】2020年2月26日，074职场女性法律热线发起人台风注册微博，几天时间，她就搜集到六起家暴事件。“家暴不太‘可见’，求助也很困难。在被隔离的状态下，大家的压力都在增大，和家人长期相处的压力、无法复工的压力等，家暴可能增多，平时可以采用的逃离家暴的方法在疫情期间也不行了。我们建立这个微博就是想告诉大家，哪怕在这个时候我们也很关心家暴问题。”湖北省监利县反家暴公益组织“蓝天下”统计发现，2020年2月其服务的家暴事件有175起，是1月的近两倍、2019年同期的三倍多。协会负责人万飞告诉南方周末记者，疫情期间，一天最多接到十通求助电话，最少也有两通。“家人相处时间变长，不能出门、不能娱乐，心理承受能力降低，焦虑增加了碰撞。”万飞分析。受害者的自救系统也因疫情影响被削弱——由于封路无法投靠亲友，酒店均已暂停营业，受害者几乎无法解决食宿问题。http://t.cn/A6zg9btq 原图 ,2020-03-23 16:23,261,69,42
IzNoQ2hTR,【#新冠肺炎传染性最强时刻或在有症状之前#】2020年3月18日，广州市第八人民医院和香港大学公共卫生学院的研究人员发布的最新研究表明，新冠肺炎传染性最强的时刻很可能是在刚发病的时候，甚至有症状之前。通过对94名确诊病例发病后近一个月病毒载量的观测，以及77组传染事件持续时间的分析，研究者推测，新型冠状病毒感染者在产生症状前2.5天就已经具有传染性，发病前0.6天可能就达到传染力的高峰。这表明许多国家只针对有明显症状的人才给予检测和隔离的措施是有很大漏洞的，同时也解释了新冠病毒为何能迅速席卷全球。http://t.cn/A6zdxkT3 原图 ,2020-03-22 16:26,505,154,70
IzNmGrf6D,#读者来信#【原只想静享加州春光，新冠疫情却要我们亲历历史】其实疫情爆发绝非真的如此毫无征兆，虽然在美华人早已警觉并加以提防，但绝大多数美国人不以为意，以为这只是美国西部养老院里发生的不幸个案。但就在3月1日，纽约的第一例新冠病毒发现后，美国人开始警觉起来，毕竟那是人口非常稠密的大都会。朋友C的丈夫在纽约一著名大学教授公共卫生，作为专家，他本来虽然意识到了疫情存在，但并未真切地联系自身，直到3月5日那晚，一次寿司店的晚餐彻底改变了他对疫情传播的看法。在曼哈顿这间拥挤热闹的餐馆里，教授发现大家都依然在不时地摸脸握手，服务员醒好鼻子后，将餐巾纸放进了口袋。回家路上，教授沉默不语，据说他一晚上辗转反侧，早上便通知太太，他已经订好了去墨西哥的机票，“我们得出去避一段时间。”富有职业敏感的专业人员就好像在雪中独行的狼，可以从周遭蛛丝马迹里比普通人先看到一场雪崩的来临。http://t.cn/A6zdxZEA 原图 ,2020-03-22 16:21,94,25,20
IzE5J9b0l,【境外输入：一个侨民大县的防疫附加题】早先时候，青田县侨联党组书记张伟华还在温州机场向归国侨胞喊话，“哪有祖国不欢迎自己的子女回来……但实际上你在外面坐公交、坐高铁、坐飞机，待在那个封闭空间里，还不如在意大利家里待几天。”吴先生告诉南方周末记者，目前海外侨胞最担心的问题是医疗。随着确诊人数增加，华侨有病去不了医院，也不敢去医院。有位侨胞的一家7口连日发高烧，给当地医院打电话预约就诊，无法得到接待，情急之下，就要回国。周勇获悉后，马上拉着微信群里的“互联网医生”给他们想办法。根据建议，一家人先到医疗条件更好的私立医院拍了CT，然后传给青田的医生分析。医生判断是普通肺炎，没有感染，就指导他们吃消炎药，3天后，一家人症状消失。“互联网医生”来自“互联网医院”，这是丽水升级的新冠肺炎互联网咨询平台。“心病有时可能比新冠肺炎更厉害。”一位互联网医生说，“就像国内疫情刚开始暴发时，普通人一咳嗽就想去医院做核酸检测一样。国外防疫才刚开始，侨胞远在他乡的心理建设很关键。” http://t.cn/A6znN4lQ 原图 ,2020-03-21 16:44,278,60,48
Izl68oH5X,【新冠病毒感染的儿童，症状和成人比有何差异？】3月13日，在《自然-医学》发表的一项研究中，广州市妇女儿童医疗中心临床研究团队通过对10名确诊患儿的检测和观察，发现儿童感染后的症状相对成人更轻微，可能会给儿童感染新型冠状病毒病例的早发现、早隔离带来困难。相对于成年患者，这10名患儿的症状并不显著。研究称，他们中没有一人寻求医疗护理，都是因为接触史而被发现和确诊的。入院时，有7人发烧，但没有一人体温超过39摄氏度。10名患儿没有出现其他的成人患者常见症状，如嗜睡、呼吸困难、肌肉酸痛、头痛、恶心呕吐等。研究还提到，5例患儿出现肺部单发或多发性斑片状毛玻璃样改变，其余5例均在正常范围内。8名儿童即使在鼻咽检查呈阴性后的很长一段时间内，肛拭子检测仍然呈阳性。研究人员认为，病毒从消化系统的脱落可能比从呼吸道的脱落更大，持续时间更长，粪便-口腔传播是可能的。http://t.cn/A6zQRFrz 原图 ,2020-03-19 16:23,73,31,11
IzkN754KR,【南周快评 | 允许居民区临时开摊点，防疫也需烟火气】成都放宽限制，部分允许在户外道路上经营，无疑是给经济复苏提供了便利与善意。在疫情防控期，中低风险地区虽然超市饭店等商业活动允许恢复，但是仍然受到一定限制，比如饭店餐馆堂食就餐人员要隔位就坐，超市商场要控制人数，这都会对其经营产生一定影响。允许临街的商铺临时越门经营，可以扩展这些店铺的营业面积，尽量降低防控措施带来的影响，帮助他们多营收。而允许在居住集中区开设摊点，允许流动商贩贩卖经营，一方面可以为居民就近消费提供方便，另一方面也能够解决一部分的就业与收入问题。另外，户外空间更大，顾客可以保持较大的距离，而且户外通风、日照条件都更好。居民区的小摊小贩，也是一个城市烟火气的体现。烟火气回来了，居民的心就更容易定下来了。http://t.cn/A6zQOq4K 原图 ,2020-03-19 15:36,324,52,54
IzeHumil3,【广东进一步强化境外疫情输入防控】广东不断加强境外疫情输入防控，及时完善数据共享、信息通报和入境人员核查机制，对所有从国外入粤返粤人员从航空运输、口岸检疫、目的地送达、社区防控各环节形成闭环。从3月19日零时起，所有从国外入境来粤的中国籍旅客，以及在来粤之前14天内，有韩国、意大利、伊朗、日本、德国、法国、美国、西班牙、英国、泰国、菲律宾、瑞士、瑞典、比利时、挪威、荷兰、丹麦、奥地利、马来西亚等19个国家旅居史的外国籍旅客，都要实施居家或集中隔离医学观察14天的防控措施。http://t.cn/A6zTYYNe 原图 ,2020-03-19 00:06,696,118,108
IzbMaDyGY,【#钟南山说不能靠所谓集体免疫解决问题#】中国工程院院士、国家卫健委高级别专家组组长钟南山表示，病毒大爆发带来了很多问题，中国采用的联防联控预防，从源头预防是最古老但有效的方法。不能靠所谓的“集体免疫”来解决问题，#钟南山称无证据表明冠状病毒一次感染终身免疫#，下一步最重要的任务是研发有效疫苗。（人民日报）http://t.cn/A6zYMYE3 ,2020-03-18 16:39,169,41,45
Iz2kScpVl,【南周快评 | 入境隐瞒疫情信息将被定罪，新司法解释有助于堵住境外输入病例】2020年3月16日，最高法、最高检、公安部、司法部、海关总署五部门联合发布文件，明确入境人员不如实填报健康申明卡隐瞒疫情，引起新冠肺炎等传染病传播或者有传播严重危险的，以妨害国境卫生检疫罪定罪处罚。在新冠肺炎全球传播形势逆转，输入风险大增的情况下，这一最新司法解释非常及时，有助于堵住境外输入病例的传播。由于欧美不少国家新冠肺炎病例激增，而部分国家采取了“佛系”的防控手段，让身处这些国家的华人华侨留学生甚至外籍人士等深感不安。但是，回国航班上，在狭小密闭的空间里动辄待上几个小时甚至十几个小时，病毒传播的风险是极高的，如果有一个隐瞒病情的人，极可能导致整架飞机的乘客遭殃。从个人风险最小化的角度考虑，或许在当地自我隔离更加安全。当然，正常往来中国特别是对于有中国国籍的同胞回国，不能拒绝。但他们必须向机组和国境卫生检疫机关如实报告疫情有关的信息，回到国内，必须接受国内的疫情防控管理。http://t.cn/A6zOdGJb 原图 ,2020-03-17 16:37,192,32,45
IySSMD50g,【一场为女性发起的捐赠】女性医护人员每天穿着厚重的防护服连续工作8小时，如遭遇生理期，更加难受。而此次疫情又出现特殊困境，防疫期间商店关门，医护们尽量不上街，卫生巾、纸尿裤等卫生用品很难买。但这些医护人员的特殊需求，牛可莉感到难以向上级开口。多位受访者告诉南方周末记者，女性卫生用品属于“个人需要”，没有列入医院和政府的物资储备清单，目前未纳入专用的绿色通道运输。女性卫生用品的短缺作为难言之隐，产生的痛苦不得不让一线女性医护人员承受。3月8日，全国妇联宣传部部长刘亚玫公开表示，已协调推动女性生理卫生用品纳入防疫保障用品清单。此前全国妇联紧急筹措2.1亿元的物资资金，驰援一线医务人员，采购物资包括卫生巾、安心裤等生理生活用品。http://t.cn/A6zC37Hl 原图 ,2020-03-16 16:33,1000,44,105
IyLK7lNtP,【3•15调研|在线医疗行业战疫表现获肯定，白酒品牌感知度低】新冠肺炎疫情发生后，众多品牌积极投入到战疫中来。受调研人员对参与疫情防控的品牌持积极态度，82.5%的受调研人员表示对战疫品牌将“产生更高的好感”；65.1%的人员表示将“更愿意购买该品牌的产品”。在线医疗行业战疫表现最好，平均得分为4.13分（满分5分），其次为互联网行业、在线教育和电商；房地产行业平均得分最低，为2.99分。在品牌战疫行为可感知方面，不同行业差距较大，13.4%的受调研人员对白酒品牌的战疫行为没有感知。http://t.cn/A6zKMqjx 原图 ,2020-03-15 22:23,40,8,6
IyJh7rFaW,【疫情暴露医废分类、处置难题：生活垃圾混入，医废处置能力待完善】口罩、手套、防护服……这些防护用品在完成使命之后，都会变成医疗废物。新冠肺炎疫情期间，医疗废物数量飙升。根据生态环境部数据，自2020年1月20日以来，全国累计处置医疗废物11.7万吨，较1月20日前增加1007.1吨/天。3月1日，全国收集的医疗废物中，涉疫比例为21.1%。在武汉，涉疫比例约为一半。2020年3月10日，在以视频连线形式举行的生态环境部例行发布会上，应急办主任赵群英透露，目前全国医疗废物处置平稳有序，尚未发现因疫情防控影响环境安全的情况。不过，武汉等地区医废处置设施超负荷运行，也凸显了医废处置的短板。此次疫情也暴露出垃圾分类的不足，加大了处置压力。例如涉疫情医疗废物、普通医疗废物和生活垃圾分类收集不规范，部分非定点医院将普通生活垃圾混入医疗废物，还有的混入大量厨余垃圾。http://t.cn/A6zoUVHr 原图 ,2020-03-15 16:06,158,61,25
IyA7bnDTR,【钟南山团队在武汉】广医一院有“院士大查房”的传统，由医院挑出疑难病患，交给钟南山诊断。每周一下午，钟南山会到这些病人的病房查房，各科室主任、年轻医生都会出席，共同商讨治疗方案。新冠疫情暴发后，“院士大查房”通过视频，连到了武汉协和西院。席寅负责的一名35岁的女性患者，通过治疗已有很大好转，被治愈的可能性很高。但病情出现多次反复，眼看着转危为安，突然就“跌下去”，慢慢恢复后，再次直线下降，属于疑难病患。协和西院的一线医生，决定在连线时由大家一起讨论这一病例，商量对策。前后方一共连线三次，讨论这位病人的情况。2月18日，医护人员发现这位患者口腔分泌物过多，如果继续保留经口气管插管，会引起患者的呛咳，经过专家组讨论，给她换成了经鼻气管插管。2月21日，经过核酸检测，患者各项指标已经转为阴性，好不容易迈过新冠肺炎这道难关，但当天痰培养却发现大量多重耐药菌。后来又根据钟南山的会诊意见，多次调整抗感染治疗方案。目前，病人已成功拔管，从ICU转入普通病房。http://t.cn/A6zi3jO7 原图 ,2020-03-14 16:47,261,40,48
IyaH0CQ24,【星辰陨落“大学之城”：疫情中去世的武汉学者们】“您这一生求实、求真、勤奋、乐观、助人，创造了太多精彩，演绎了一个传奇。”段正澄的学生、华科党委书记邵新宇获悉噩耗后，如此评价他的老师。拥有“大学之城”名片的武汉，1500万常住人口中就有百万在校大学生，学者众多。而在刚过去的冬天里，“传奇”谢幕。南方周末记者不完全统计，武汉1月23日“封城”后的三十多天里，各大高校至少有6位学者确诊新冠肺炎后逝去，另有8人因病去世，有的人未及确诊新冠肺炎，有的人死于特殊时期未及救治的其他疾病，还有人至今徘徊生死边缘。讣告一次次出现，特殊时期简单料理后事，没有灵堂，没有告别仪式，哀思静默传递。http://t.cn/A6zGvplI 原图 ,2020-03-12 00:03,1345,1434,264
Iy9lT02UF,【四人殉职，四人濒危——武汉中心医院“至暗时刻”】1月上旬，甲状腺乳腺外科主任江学庆戴口罩去开会，被院领导批评。此后，该院多位医生都看到他没戴口罩。不幸的是，几天后，江主任被感染、确诊，之后做气管插管、机械通气、体外膜肺氧合，一步步衰竭，直至死亡。3月9日上午，武汉市中心医院医护人员的微信朋友圈里，第四次点起了蜡烛——眼科副主任朱和平，也因感染新冠肺炎去世。再算上之前殉职的梅仲明、李文亮，武汉市中心医院已有4位医生殁于疫情。中心医院一线医生杨珥（化名）告诉南方周末记者，目前还有四位医生濒危，“我说的是濒危，不是病重”。“有的全凭外部医疗手段支持、维持生命”。http://t.cn/A6zb4kM2 原图 ,2020-03-11 20:39,207617,54672,11470
Iy8cbxYCU,【韩国抗疫：下属的工作被肯定，青瓦台却继续挨批评】经过MERS的教训，韩国政府的反应还是相对迅速的。疾病管理本部一天两次发布会，公布最新统计的确诊者数目和重症、死亡者数目（后来改成一天一更），以及政府的最新对策和措施，例如：国家预支付大邱地区的医疗费用；紧急投放四万多套防护服及包括负压救护车在内的医疗物资到疫区；所有一线医疗人员包括被派遣的服役中公益医生都可以获得危险津贴，医务人员以14天为期轮班，如果是私家诊所的医生和护士自愿来帮忙，可分别获得最高55万和30万韩币（约合人民币3207元、1749元）一天的津贴。检测方面，韩国自己开发的实时聚合酶链式反应（PCR）检测方法，六个小时就能出结果。治疗也是免费的。为了防止疫情扩散，非法滞留韩国的人也可以获得免费治疗。即使是捅了大篓子的新天地信徒，他们也有权利获得一视同仁的治疗。今年的政府预算肯定不够用，只能赶快做个《追加更正预算》案。这是韩国史上最大的追加预算案，金额高达11.7万亿韩元（约合人民币682.24亿元），直接让韩国的国家负债率从39.8%上升至41.2%。根据首尔大学保健大学院在3月4日发表的舆论调查结果，有超过8成的受访者在2月第4周给疾病管理本部投了信任票，比2月第1周的74.8%比例还要高，但对青瓦台的信任率则从2月第1周的57.6%下降到2月第四周的49.5%。http://t.cn/A6z4W4zs 原图 ,2020-03-11 17:42,293,42,45
Iy0IashSF,2020年春节前后，新冠肺炎疫情爆发，中国各地家庭在家中隔离。由@北京当代艺术基金会 与夏季之声共同发起、南方周末特别支持的线上版“妈妈爸爸生活节2020爱心版”，邀请85位艺术家（音乐、艺术、舞蹈、电影、思想、戏剧、文学、建筑、设计、美食）在2020年2月14日至29日的16天时间里，用创意生活分享接力鼓舞居家的父母与孩子们。戳链接回顾@妈妈爸爸生活节 艺术直播内容：http://t.cn/A6zLyCzv。#妈妈爸爸生活节2020爱心版# 原图 ,2020-03-10 22:39,73,21,12
Iy04TBSH9,【沙俄“硬杠”油价，逼出超级黑天鹅，美股应声熔断】OPEC此前认为，应该将石油日产量削减150万桶，以抵消新型冠状病毒疫情造成的巨大需求损失，而俄罗斯应该与OPEC其他国家就减产达成一致。俄方强硬拒绝后，以沙特为首的OPEC似乎也“破罐子破摔”。在周日(3月8日)对媒体表示，沙特宣布计划将其产量从此前的970万桶/日提高至1000万桶/日，并计划4月份增产至近1100万桶/日。多位受访人士表示，沙特正在通过这种方式逼迫俄罗斯重回谈判桌。两周后的3月18日，正是新一轮谈判开启的日子，沙特能以此获得更多的谈判筹码。美国、俄罗斯、沙特是原油市场的三大玩家。其中，美国世界第一大产油国，其次是俄罗斯，然后是沙特，而三国对石油财政的依赖度则是反过来。由此可见，沙特更希望通过联合减产来维护油价。然而，俄罗斯表现得却很淡定。根据俄罗斯媒体报道，俄官方已经做好了石油价格跌至25美元/桶的准备。俄国家杜马则宣称，已经做好对石油、卢布双双下跌的预算准备。http://t.cn/A6z2Rbfr 原图 ,2020-03-10 21:02,862,78,154
IxYpP0vkV,【病毒和消毒会影响水质吗？环境部这么回答】此前武汉向排水设施和污水设施投入了近两千吨药剂，公众普遍关心的是，武汉的饮用水会不会出问题？对于这些类似的相关问题，南方周末独家专访了生态环境部水生态管理司的相关负责人，其回答道：“药剂投加的具体数量我们并不掌握，但我们随时关注湖北周边水质变化情况。2020年2月16-17日，生态环境部门用监测船对长江、汉江的9个市级饮用水源地进行人工监测，监测项目包括化学需氧量、氨氮、总磷、粪大肠菌群等常规指标和三氯甲烷、三溴甲烷等特殊指标。监测结果显示，武汉市9个地市级集中式饮用水源地水质全部为优，未受到消毒副产物影响，10个县级饮用水源地水质所有监测项目均达标。”http://t.cn/A6zAHVZU 原图 ,2020-03-10 16:48,150,38,60
IxRf6DKbs,【#美股熔断#！#纽交所因暴跌宣布暂停交易15分钟#】周一早美国股市开盘，受原油价格下跌超过30%，及新冠肺炎疫情影响，美股重挫，国债收益率暴跌，信贷市场受到冲击。纽交所基准股指下跌7%，纽交所宣布熔断机制将暂停交易15分钟。（人民日报）  原图 ,2020-03-09 22:33,183,58,41
IxOL1q3zq,【协和医院：最顶尖的医生，也要拼“基本功”】#医疗界四大天团战武汉# http://t.cn/A6z7wFv1 在中国，北京协和医院被誉为拦在病人和死亡之间的最后一道关卡，治疗各类疑难重症的最专家汇聚于此，连续十年在中国医院排行榜中蝉联榜首。如今，为抗击新冠肺炎疫情，北京协和医院先后派出186人的医疗队，整建制接管了武汉同济医院中法新城院区传染病重症加强病房（ICU）病房，32张床位，大多是气管插管，上了有创呼吸机，承担最危重患者的救治工作。正因大咖云集，有不少极难抢救的病人，会被拉到同济中法医院再“搏一次”。不过，见惯了各类疑难杂症的协和的医生们，面对早期武汉市的惨烈境况，还是感到心痛：很多患者已合并多脏器、多系统功能受损，病情非常危重了。在武汉，北京协和医院ICU，能依仗的“优势”技术已回归于日常最扎实严谨的“基本功”——在对疾病认识尚不够清晰的情况下，通过观察患者细微的临床症状表现，尽早做出有效的对症治疗，支撑重要脏器和系统，帮助重症患者撑过生死关头。http://t.cn/A6z7wFvm 原图 ,2020-03-09 16:13,122,44,28
IxNqZDVA8,【#张伟丽成功卫冕# ：这是专业的胜利、意志力的胜利】2020年3月8日，中国女子综合格斗选手张伟丽在UFC赛场上成功卫冕！张伟丽擅长的技术是站立击打，而且是泰拳式的站立击打技术，这场比赛张伟丽也是靠强大的站立输出把乔安娜打成了ET的造型，获得了一个“整容师”的雅号。张伟丽打完一场比赛，各大官媒第一时间就报道推广，微博话题热度更是达到了几个亿的热度，这不光是张伟丽的胜利，其实也是中国格斗行业的胜利，更是中国女性的一种胜利！“我的祖国正在抗击疫情，参加这场比赛非常不容易。现在疫情已关系到全人类，希望大家共同努力战胜疫情！我拼尽全力赢得比赛，八角笼里所有的人都值得尊重。我不希望在八角笼里说垃圾话，在这个平台上我们都是武者，需要互相尊重，需要给孩子们树立榜样。我们是冠军，不是暴君！”张伟丽这番赛后采访回答触动了很多人，没有狠话，只有真实的想法以及平静的心态。这场胜利来得很不容易，但真心希望的是这次胜利之后大众能真正的认知格斗项目，认知什么是格斗比赛，以一个正确的心态理解和看待这个项目，关注这个项目。这才是真正改善张伟丽等人真实生存状况最好的帮助，只有渠道通畅了，我们才能保证有下一个张伟丽源源不断的诞生，女子拳手的赛事才能真正欣欣向荣。http://t.cn/A6zhfijz 原图 ,2020-03-09 12:51,2563,190,143
IxFaio8dB,【疫闻数说 | 国外疫情中的“关键病人”和“政坛病人”】  原图 ,2020-03-08 15:48,51,21,10
IxzpXFCrO,【泉州隔离酒店垮塌：伤者已送至定点医院救治，“医生都穿上防护服”】欣佳酒店是当地新冠肺炎集中隔离点，来自湖北、温州等疫情重点地区人员在这里隔离观察。该酒店隔离人员并非疑似病例，只是从疫情重点地区过来的隔离观察人员。3月7日晚10点，泉州市中医院急诊科值班护士介绍，该院晚7点半之后接诊到大量伤员，目前仍不断有伤员送来。该院是新冠肺炎定点收治医院，早前于3月2日刚恢复正常接诊，距离事发现场约有十五分钟车程。“目前接诊这批伤员的医生都穿上了防护服。”工商资料显示，鲤城区欣佳宾馆登记成立于2018年3月28日，法定代表人为杨金锵。该企业曾于2019年8月19日将经营场所从泉州市鲤城区常泰街道上村社区南环路1688号6楼变更为同一地址的“地上一层大厅、四层至六层”。泉州欣佳酒店于2018年新装修后开业，4-7层为酒店客房，共有80间各类客房。事发地附近聚集了大量汽车销售机构，倒塌建筑物东侧一层是一家名为“泉州好车汇”的二手车销售门店。http://t.cn/A67e7NOE [组图共3张] 原图 ,2020-03-08 01:10,396,65,108
IxvR1dJP3,【湘雅医院：“这次比抗击埃博拉压力更大”】#医疗界四大天团战武汉# http://t.cn/A6z7wFv1 2月7日，四大“天团”之湘雅医疗队130人到达武汉。领队钱招昕是湘雅医院院办主任，是医院2015年援塞拉利昂抗击埃博拉队伍的主要组织者。这一次，队伍中有四名队员当年参加过抗击埃博拉，但此次新冠肺炎疫情的惨烈程度仍在他们的经验之外。在武汉协和医院西院，接管的重症病区“开张”不到48小时，50张床位几乎完全收满；临时ICU病床上，有病人已经上了几台机器，“小小的身躯被机器围住，太可怜了”。这已是湘雅医院的第三批援鄂医疗队。其实对于外界津津乐道的“四大天团”，很少有队员挂在嘴边。“要说有什么湘雅特色，临时病区复制了湘雅的管理模式，实现了和湘雅医院同等的医疗质量和优质护理。”钱招昕说。http://t.cn/A67rEzjo 原图 ,2020-03-07 16:05,132,18,18
IxvNm3w48,【学者杨团的“防疫”思考：社会组织不扎根，谁做社区工作?】“十七年前，我参与了非典救援，那时街上也没有人，我们甚至没强调每个人出门要戴口罩。那时，社会组织很少，我们做的事情主要是张贴疫情科普广告、给病人送药。当时我不担心自己会被感染，因为SARS感染症状明显，很快发高烧，病情很重，感染者能马上被识别出来。但这回大不一样，新冠病毒肺炎有隐蔽性，轻症、重症、无症状感染者什么样的都有。上游的社区出现堰塞湖，下游医疗资源不足，这种情况下，根本没办法疏通河道。而且在武汉当地，社会组织较少扎根社区。一旦问题出来了，能找谁来做社区的工作呢？”http://t.cn/A67r8Gw7 原图 ,2020-03-07 15:56,204,35,31
IxmhUqyZ9,【#五万治愈者的劫后余生#  “和死神握过手，就没那么恐慌”】出院后，骆非接到过一个陌生的电话。来电的是同病房一位病友的家属，家属拜托他，给病友打打气。“你的话比医生管用，你能痊愈出院，本身就给了他们信心。”骆非的主治医生也这么叮嘱。另一名治愈者邵胜强，反复劝咨询者保持好心态，“这是自限性疾病，轻症靠免疫系统能好起来”，“我这么胖，身体状况比你们差。我都能治好，你们肯定能挺过来。”坚持直播自己战“疫”经历的万春晖，虽然经常说自己不是医生，很多问题不该问他。但他也明白，现在生病的人反而获得了某种权威性，“把自己战胜病毒的经历让人们看见，人们就多了一点真实的希望”。http://t.cn/A67mq23O [组图共2张] 原图 ,2020-03-06 15:44,102,13,17
IxdcU0UF1,【“重组”金银潭：疫情暴风眼的秘密】#新冠肺炎疫情暴风眼金银潭# 作为一所传染病医院，金银潭有能力最快启动处置传染病的防护机制，但作为一所专科医院，它自身的能力不足以面对此后接连涌入的危重症患者。从2019年12月开始，金银潭成为新冠肺炎疫情的暴风之眼。这里发生的许多事都早于武汉市区，他们最早收治新冠肺炎的重症患者，最早腾空自己的病区，最早进驻了外援，也最早面对“救一个死一个”的危重症之险。今天的金银潭不同于往日。来自全国最精锐的医疗力量重新组成了金银潭，而金银潭是重组武汉新冠肺炎疫情全貌最重要的一块拼图：http://t.cn/A67Q59yc 原图 ,2020-03-05 16:37,281,154,43
IxcInkARB,"【 #解惑复阳# ：没测准？复发了？还是别担心？】2月29日，复旦大学附属华山医院感染科主任张文宏接受媒体群访时说，出院病人“复阳”了不奇怪，重点是有没有再传染别人。“从目前来看，全国还没有复阳感染者又传染给他人的情况。”广州市第八人民医院感染病中心ICU主任李粤平也透露，在出院病例的随访中，发现复阳病人13人，对104个密切接触者进行检测，结果全是阴性。蔡卫平告诉南方周末记者，目前的新冠核酸检测是一个定性的检测，而非定量。他观察到，随访患者的阳性检测结果普遍处于阴性和阳性之间的“灰色地带”，或称“可疑阳性”。“这说明这些‘复阳’患者病毒量不多或者不是完整的病毒。”2月27日,权威医学期刊《美国医学会杂志》（JAMA）发布了一篇来自武汉大学中南医院研究团队的文章，文章写道：“一定比例的痊愈患者（recoveredpatients）或许仍是病毒携带者（viruscarriers）。”不过，文章显示，尽管4位感染者出院后和家庭成员有直接接触，但家庭成员均没有被感染。http://t.cn/A67H1a8l 原图 ",2020-03-05 15:22,55,28,13
Ix6pRzD0J,【H5|一线白衣战士，这些暖心海报传达我们心声！】“你保护很多人，我也想保护你”“放心，你的家务我包了”......千言万语汇聚成一句“我们在行动！”……3月3日，南方日报、南方网、南方+客户端正式启动“万企暖医——我们一起行动”公益活动，旨在联合社会力量用实际行动为奋战抗疫一线医务人员及家属解难事、帮家事。同时发挥媒体平台连接、传播价值，汇聚社会力量为打赢疫情防控战役贡献广东媒体力量。详情请点击：http://t.cn/A67lpFRv 原图 ,2020-03-04 23:20,72,8,16
Ix6ppdVFz,谁能告诉我这个春天犯了什么错？花都开了，我们还躲着#三行宅书# BY：杀手也温柔总有那么两三个句子，击中你的内心深处。在残酷疫情下，我们放慢脚步，正视日常生活里的烟火气——也许还会写写诗。近日，南方周末发起“三行宅书”的短诗创作活动，许多读者用三行字勾勒出这段特别时期的宅居生活。经500余名南方周末高校联盟成员票决，评出了20个入选作品，作者均将获得一年南方周末APP会员。活动官网：http://t.cn/A67OJtfl 原图 ,2020-03-04 23:19,131,40,34
Ix3Au5HXi,【汉口医院“床等人”  广东医疗队治愈患者千余人】“床位76个，病人37个。”广东省支援湖北疫情防控医疗队的邓佩英护士长看着电脑，口上念叨着病区里的病人病床数据。2020年3月3日，南方周末记者从武汉市汉口医院呼吸科七区了解到，这几天连续出院了几个病人后，病区空出的床位越来越多了。从医疗队刚刚来到的头二十几天，他们每天都忙得不可开交，二队的护士陈晓敏这段几天在工作间隙稍微有点空闲时间可以坐下来休息。她在手套上写着“五指山”三个字，意思是要让病毒逃不出这座五指山，把它们消灭掉。http://t.cn/A67W04Vw [组图共9张] 原图 ,2020-03-04 16:08,143,28,47
Ix2B5f8Jk,【南周快评 | 领导比一线医护拿补助更多？何为一线应有明确标准】3月2日，陕西安康中心医院公示的一份抗疫一线补助名单引起轩然大波。安康市中心医院3月3日承认存在对一线防控人员工作补助核定标准把握不准、审核不严等问题，并承诺将重新核定，严格把关。安康市卫健委也称已经介入调查。国家出台了文件，要求向工作在疫情防控一线的医务人员和防疫工作者发放临时工作补助。但是何为一线，却没有明确的定义。在抗击疫情的战役中，有无数的岗位，仅仅在医护战线，就有医生有护士，有检验人员，有药师，有后勤保障人员，还有负责流行病调查和卡口筛查等工作的人员，等等。这些岗位和人员，哪些是一线，哪些是二线？有些专家们对防控疫情可能做出了很大的贡献，但是他们可能并没有每天到医院现场，没有直接接触确诊病人，这算不算一线工作？这些都应该有更明确的界定。只有制定详细可操作的标准，才能避免漏洞，以免给别有用心者留下上下其手的空间。http://t.cn/A67Oglrc 原图 ,2020-03-04 13:37,435,55,133
IwXb57kBU,【调研｜“疫线”品牌-寻找战疫中的责任品牌】什么样的责任品牌能够成为市场复苏的新势能？战“疫”行动是一次企业责任大考，站在防疫一线直面疫情提供服务，或是在后方加班加点提供产品技术支持，还是在市场资金紧张的情况下挺身而出捐资捐物，哪一种责任行为更能在你心中刻画责任品牌的意识？诚邀您为“疫线”品牌打分，推动责任品牌构建！http://t.cn/A67Nt3l7 原图 ,2020-03-03 23:49,39,13,8
IwXaLxGFc,在无孔不入的病毒面前，你无法视而不见，也无法置身事外。理解这场席卷全球的疫情，你需要一本全视角的指南。《南方人物周刊》战“疫”纪念特刊套装  原图 ,2020-03-03 23:48,46,18,18
IwWtFqY4G,【防护服上作画 激励患者战胜病魔】“糖糖”和她的同事们是来自广州中山大学附属第三医院的护士，从2020年2月9日抵达武汉那天起，她们一直奋战在武汉华中科技大学同济医学院附属同济医院光谷院区抗击新型冠状病毒的一线上。2020年3月2日南方周末记者在医院看到，在等待进入E1-2隔离病区之前，他们利用一点时间画一些可爱的卡通形象在防护服上面，为的是给患者打气，给予他们战胜病魔的信心，也是为自己的工作加油打劲。http://t.cn/A67pw0a9 [组图共9张] 原图 ,2020-03-03 22:02,309,32,45
IwUdKnDid,【妄称能治新冠肺炎的“神医”李跃华被查处，疫期谨防怪力乱神】在陈北洋的“致歉信”发出后不久，李跃华开始在网络上发布信息称自己治愈了9例新冠肺炎病例或者疑似病例。一时之间，他的“穴位注射微量苯酚”治疗术被不少网民认为是治疗新冠肺炎的有效方法，李跃华甚至被称为“神医”。但是李跃华真的是神医吗？湖北卫计委综合监督局的一纸文件揭开了他的面具：他只是一个涉嫌非法行医的江湖郎中而已。他的医师执业证书被官方认为有伪造嫌疑，医学学历也被人质疑。他的所谓“学术论文”也被人扒了个底朝天，只不过是交钱发表的文章而已。而他的所谓获得国家专利的治疗方法，也就是用万分之五到十的苯酚溶液进行穴位注射。苯酚在医学上的主要用途是消毒外科器械和处理排泄物等，偶尔外用做皮肤杀菌等。 还有人声称李跃华确实治好了不少新冠肺炎患者，应该让他的疗法到抗疫实践中去发挥作用，也借此检验是否真的有效。事实上，已经有媒体根据李跃华提供的“治愈”名单联系到了部分患者，这些患者中，有一部分根本没有痊愈，核酸检测依然是阳性，已经送院治疗。而有接受了李跃华疗法“预防”的人，最终也被检出阳性，到方舱医院治疗了。但是，确实有一部分人经过李跃华治疗后转为阴性了。这怎么解释？其实也很简单，新冠病毒感染者中，有相当一部分人是轻症，有些人是可以自愈的。他们的转阴，归功于自身免疫系统，而不是什么“神医”。http://t.cn/A67Csw39 原图 ,2020-03-03 16:17,726,135,283
IwU5cgUjt,【“神药”炒上天，股东忙减持】令太龙药业股价飞升的，是一则从天而降的新闻。2020年1月31日，中国科学院旗下的上海药物研究所和武汉病毒研究所联合发文称，“初步发现中成药双黄连口服液可抑制新型冠状病毒”。就在消息发布当晚，双黄连相关产品在各大线上线下的购物平台都遭到了哄抢。太龙药业的股价则在开市首周拉升多个涨停，较2019年初上涨了61.89%。不过，对于这则消息的准确性，不少业内专家都提出了质疑。成都中医药大学附属医院血液科主任医师刘松山向南方周末记者分析，上海药物研究所与武汉病毒研究所做的实验，实际上是将新型冠状病毒分离出来后，把病毒置入一定浓度的双黄连口服液中，以此来判断病毒的存活状态。这种体外实验室性质的研究，不能反映病毒对人体造成的毒性和作用。“因此，体外实验数据不能代替人体实验数据。否则，酒精、开水、辣椒水都可以在体外杀死病毒，是不是就可以认为这些东西有抗新冠病毒的作用呢？”刘松山说。http://t.cn/A67Cg4I8 原图 ,2020-03-03 15:56,263,82,54
IwTQB9V4t,【武汉少女的春日记事簿】作为本次疫情的亲历者，宅在家中的17岁武汉高中女生曹珈瑜用手中的画笔，描绘了她的所见所感所闻所思，并自己配乐制作成动画，与南方周末的用户们分享。特此刊发这段独特的记录，以期让更多人看见武汉少年心中的这段日子。  南方周末的微博视频  ,2020-03-03 15:20,106,43,9
IwKGbjNP6,【面对疫情，意大利在寻找一个平衡点】一夜之间，防疫10条生活守则已经贴在城市道路的广告牌上，介绍了新冠病毒感染的症状，强调不要自行去急诊室，勤洗手等等，效率之高是我在意大利10年前所未见：从前的印象里让意大利人周末加班简直比登天还难。但细看下来这守则又让人哭笑不得：第8条写着，产自中国的商品和寄自中国的包裹是安全的，无需因为接触过而申请核酸检测。第7条强调“只有出现相关症状或与新冠肺炎患者密切接触才需要佩戴口罩，日常戴口罩是不对的”。但我们从中国知道的经验是新冠病毒潜伏期长，意大利的无症状携带者尤其多，“不让他人恐慌”和“保护自己与对方”之间孰轻孰重，其实并不难抉择。在指导政策与独立思考之间，意大利人民也会用脚投票：周六一早家居DIY店的工业防护口罩已经卖空。护目镜与乳胶手套也缺货，大概有不少消息灵通的人看了中国的新闻。http://t.cn/A67ad3cQ 原图 ,2020-03-02 16:00,346,26,109
IwKDCDI45,【武汉前医生冯翔和《汉阳门花园》】2015年，用武汉方言写的《汉阳门花园》面世了。武汉被誉为“朋克之城”，一首轻缓的民谣却成了城市的名片，音乐播放平台下的评论里，人们把这个中年歌手称为“冯叔”或“翔叔”——反正都是叔，说明了他的年纪。2020年冬天，这座城市遭受着巨大的疫情磨难，磨难里，许多武汉人，非武汉人，一遍一遍播着、唱着这首歌，借以倾泄内心巨大的痛楚。“我最痛苦的事情就是看到同学们在前面拼命，我自己无能为力。”这个曾从医十年的中年人，早在二十多年前就转了方向，弃医从艺。这一次，他希望自己仍是医生，能与张定宇一块拼命。但他已经不是了，只得说服自己，音乐同样可能有所助益。http://t.cn/A67aBdwa 原图 ,2020-03-02 15:53,49,14,7
IwKBqqImn,【一位武汉青年和100万只N95里的“妖魔鬼怪”】一位武汉的浦姓青年，向南方周末记者讲述了自己在疫情期间和近100万只口罩的故事，但他本人无意进入公众视野，不愿具名。在这个有关口罩的故事里，他遇到了形形色色的人，邻居、中介、医生、社区干部和骗子，感受到贪婪与善意。“疫情就是照妖镜，卖口罩时，我见识了各种“妖魔鬼怪”。一个陌生女人来找我，让我卖给她200箱口罩，说是一线的医生没有口罩，她说要把200箱全部分散处理给医生。我被她的故事打动了，一松口，她马上给我打了几十万货款。说来奇怪，她出手大方，也不怕我是骗子。可能是因为那段时间，我的信誉太好了。当晚200箱口罩交货的时候，我同学甩了一个视频过来，“这不就是你的货吗？她卖十几块钱一只。”我瞬间就炸毛了，原来她在微信群里倒卖我的口罩。才交完货，她已经忍不住躁动了！一分钟都不等，用几倍价格来倒卖，还一次性拿走200箱。你说我心里疼不疼？”http://t.cn/A67a1c8u 原图 ,2020-03-02 15:48,248,134,63
IwBlv08Uc,【复工：政府包机、包车、包专列抢人】2月24日13：35，汉中城固机场，浙江义乌首趟返工包机起飞，170名汉中务工人员踏上返岗之路。33岁的朱刚是其中一员，2020年初这场突如其来的新冠疫情搅乱了他的生活。1月17日，他从义乌回到老家汉中西乡县桑园镇过春节，原定2月9日和妻子一起再到义乌复工，但乡镇的“硬核”防控阻断了他的归程。从那天开始，朱刚一直都在焦急地等待，每天都作记录，直到义乌市政府安排包机将他们接走。截至朱刚返回的24日，通过政府包车、包机、包专列以及自行返回义乌的已有15万人。但对于有130万外来打工人员的义乌来说，劳动力缺口显然还很大。缺人的不仅是义乌。劳动力成了许多复工企业的压倒性话题，从2月15日开始，东南沿海各省份都已“抢人”，并持续至今。在返岗复工的各环节中，每个群体都在精确地算计各自的得失。http://t.cn/A67Jb6k1 原图 ,2020-03-01 16:14,65,17,36
IwA9pyTqK,【公益组织湖北驰援之惑：真正应该动员的是社区里的老百姓】据杨团观察，很多基金会过去一个月比较沮丧，“因为找不到自己的位置”，对能否协作、如何协作充满疑虑。面对新冠疫情，真正有效的是动员社会力量，早在疫情之初，她便意识到，“这个社会力量实际不是公益组织，而是社区里的老百姓。”“社区是医院的上游，防控非常需要社区支持得力。”杨团告诉南方周末记者，如何加强社区居民的组织化，让社区自组织发挥力量，是至关重要的。但在1月底的武汉，社工机构已经放假，不能以机构名义强制要求员工上班。同时，他们接到政府的指示是“不能外出”。“专业的公益组织都运送物资去了”，翟雁有些无奈，真正扎根社区的组织少之又少。http://t.cn/A67xa79K 原图 ,2020-03-01 13:11,204,34,27
IwuWTjHGa,新冠肺炎疫情的爆发，成为对中国企业的一次“责任大考”：如何让慈善捐赠更有效，如何让援助行动更持续，如何充分发挥企业优势…面对考验，中国500强及互联网、房地产、汽车、银行等行业交出怎样的成绩单？@南方周末CSR研究中心 独家盘点，带你一张图看懂责任企业的“战疫”表现，更多深度分析详见专题 http://t.cn/A6hIJy88 原图 ,2020-02-29 23:57,50,14,23
IwrT01qXx,【逝者｜武汉救助员吴骞：专门护送别人回家的人，再也没能回家】在1月26日和刘勇微信聊天时他说，现在的解决办法，就是在外面熬，熬到不行了医院才收，刘勇将这些情况都汇报给了站里，希望能帮他解决床位的问题，但彼时正赶上武汉疫情最猛烈的时候，在他们通话的当天，仅武汉就有698个新增病例。直到此时，吴骞仍没有确诊感染新冠肺炎，他也因此而得不到更多治疗。在与刘勇的聊天中，他第一次，也是唯一一次说：“希望站里能救救我。”就这样一直拖到1月28日，吴骞终于住进了汉口医院。但此时他的病情已进入重症，由于武汉当时启动最严格的隔离封闭措施，即便是家人也无法每天获知吴骞的情况。同事杨晓后来回忆，吴骞住院后，有一次她发微信询问病情，吴骞只回了三个字：“我在熬”。去广州出差的26天后，2月10日，武汉救助员吴骞离开了人世。http://t.cn/A67VUQv8 原图 ,2020-02-29 16:09,432,146,114
IwrPxbC8g,"【“封城""之后，武汉人如何买菜】白沙洲农副产品大市场是武汉最大的生鲜交易市场，辐射整个湖北省。南方周末记者在这里走访发现，食品的批发价确实有所提高，但幅度不大。老板安义明向南方周末记者介绍，批发价上涨，主要是物流成本上涨，很多外地来送货的司机，每送一次货，回去都要隔离14天，并且敢来武汉送货的司机越来越少，因此物流成本就增加了两三倍。朱春华常来这里进货，他的判断是，批发价涨幅在三分之一左右。但是安义明说，零售价涨幅却很大。他的商行从云南运来的四季豆，批发价每斤8块钱，但有些市面上可以卖到12块。零售环节和批发的物流环节类似，贵在人工。盒马鲜生武汉区域总经理张梦媛对南方周末记者说，疫情期间，他们为员工买了保险，配备了防护设备和一些出行补贴，还提供了双倍工资。家乐福华中区采购总监杨华对南方周末记者介绍，从前，供应商直接将货物送进仓库，但疫情期间，需要他们自己找车、找人去供应商那里接货，无形之中增加了不少成本。比如一辆9米长的车，从仓库到供应商那里，至少需要5000块钱，10多米长的车，则要1万块起步。http://t.cn/A67V2jk8 原图 ",2020-02-29 16:01,116,14,26
IwivS53Jw,【抢救重症病人： “敢死队”插管、专家“捞人”】一些“重中之重”的患者，本该住进2楼ICU，但20张ICU病床早就住满。协和西院八百多名患者中至少有10%属于危重症，急需在ICU插管。2月13日，国家卫健委主任马晓伟专门来到协和西院，和专家们讨论有什么办法可以降低病死率。“在普通病房开展有创插管，只有这个办法。”张挪富回答。ICU的负压病房能保证空气“只进不出”，但普通病房没有这种条件，泡在高浓度病毒空气中的时间越长，感染风险越高。以往，麻醉师们从未有过这样的经历。协和医院麻醉科医师凌楚眠和十多名同事组成了“插管小分队”，负责16个病区的隔离病房插管。有人说，“插管小分队”之说还不够悲壮，应该叫“敢死队”——插管的那一刻，病人的呼吸道会喷涌出传播力极强的气溶胶。每个“插管小分队”由两位麻醉师搭班，一人戴着头罩负责插管，一人负责用药和辅助。http://t.cn/A67GJDED 原图 ,2020-02-28 16:17,317,101,71
IwifbzRJZ,【湖北应城市民“昼伏夜出”，官方称“三无”小区问题较重】2020年2月26日，湖北省孝感市新增新冠肺炎病例15例，其中8例来自代管的县级市应城。有应城市民告诉南方周末记者，因小区封闭管理不严，每到夜里总有居民上街买菜，而这种“昼伏夜出”的逛街场景，或与当地发布的“第15号通告”直接相关。“第15号通告”中有规定：因疫情防控工作需要出行人员必须凭证分时段出行。通行时间为上午 8点以前，晚上18点以后，其他时间行人一律不准通行。但这被有的市民理解成，除8：00-18：00外，其他时间就允许通行了。“很多小区到了晚上就管理松散，街上到处都是卖东西的小贩。”应城市指挥部工作人员告诉南方周末记者，普通居民必须足不出户，但有市民片面理解了第15号通告，或仅是为出门找借口。这种“昼伏夜出”的问题，主要出现在一些没有物业公司管理的“三无”小区。http://t.cn/A67GGwE6 [组图共2张] 原图 ,2020-02-28 15:36,1524,88,478
Iw9Pp85F6,#妈妈爸爸生活节2020爱心版#疫情未过，不便出行不如听歌？今天，新裤子主唱兼键盘手@庞宽新裤子国货教父 和青年平面设计师@广煜guangyu 带来首发音乐MV《我们的小孩》。MV画面是广煜以与儿子的日常家庭生活为灵感创作的50幅漫画，配乐由庞宽完成。@北京当代艺术基金会 @妈妈爸爸生活节 2月14日-2月29日，每天16：30-22：00，@坂本龙一_RyuichiSakamoto  等80多位艺术家用行动接力陪伴，让大家在屏幕中领略艺术的美：http://t.cn/A6hq21RN#庞宽#点击观看《我们的小孩》音乐视频 ☟  http://t.cn/A67yVdgA ,2020-02-27 18:11,41,22,14
Iw95lr9er,【#无症状感染者之谜#】何为“无临床症状”，官方未提出统一的诊断标准，学界也没有统一意见。“对我来讲，现在流传的无症状感染者说法，还没有系统性地被专业学术报告证实。”美国马萨诸塞大学医学院教授卢山说，“现在举不出一个例子，某个人大家都同意他是百分之百无症状，但确诊是感染的。”1月30日，复旦大学附属华山医院感染科主任张文宏等撰文指出，轻症和无症状之间，往往“没有一条绝对的分界线划分”，因为这些症状可能轻微到患者难以察觉。世界卫生组织发言人TarikJašarevic也在邮件中回复南方周末记者：无症状感染者“往往得病而不自知”。中山大学附属第三医院感染科副主任林炳亮怀疑，许多地区的流行病学问询调查或许做得不够细致全面，忽视了病毒不太常见的临床症状，误把一些人归为无症状感染者。http://t.cn/A67L3pNI 原图 ,2020-02-27 16:17,74,26,29
Iw7nKdn2q,【#钟南山对我国重大疫情防控提出建议#】央视新闻的微博视频  ,2020-02-27 11:57,161,94,44
Iw2LCocwO,【#湖北彻查刑释确诊人员离汉抵京#】针对26日网传一名刑满释放新冠肺炎确诊人员离汉抵京的有关情况，湖北省委书记应勇同志作出批示：在疫情防控最吃劲的关键阶段，竟发生此类严重违反离汉离鄂通道管控的事件，绝不能允许。要迅速查清事实，依纪依法严肃处理，及时回应社会关切。此事还是否涉及其他违法违纪问题，也要彻查。不论涉及到谁，都要一查到底。离汉离鄂通道管控事关全国疫情防控大局，要坚持“全国一盘棋”，吸取教训，举一反三，切实把各项管控措施落到实处。湖北已成立由省纪委监委牵头，省委政法委、省检察院、省公安厅、省司法厅组成的联合调查组，立即开展调查工作。（人民日报） 原图 ,2020-02-27 00:12,2047,220,335
Iw1WNes0b,【中国全力抗疫，全球经济跟着“打了一个喷嚏”】如果中国再不复工，全球消费者也将在电子消费品领域感受到中国工厂引发的蝴蝶效应。受疫情影响，日本游戏机公司任天堂公司近日宣布其“Nintendo Switch”及其配套设备将推迟出货。2月17日，苹果向SEC提交文件称，受疫情影响，中国合作伙伴无法如预期在2月10日复工，iPhone全球供应将暂时受限，进而影响其2020年第一季度的营收。复工，是鸿海科技集团近日被问询最多的问题。2020年2月8日、10日，鸿海科技集团连发两则声明，表示不会针对单一厂区、客户、产品发表评论，其在大陆各厂区正在分批复工之中，而其郑州工厂恢复产能的进度，很大程度上决定了苹果公司这一季度的营收，以及全球消费者拿到新款手机的时间。为了早日复工，鸿海科技集团旗下的工业富联甚至启动了口罩生产。http://t.cn/A67wIt3E 原图 ,2020-02-26 22:07,299,39,59
IvYwjBjVJ,【韩国“新天地教会”：“天上总统”降世，视得病为“灵修”】“新天地”的创始人李万熙自封头衔很多，有诸如“圣灵保惠师”“再临基督”“上帝指派的牧师”“天上总统”等一大串。此类宗教组织对信徒并非来者不拒，而是要有逆向选择机制——淘汰不轻信的人，才能保持狂热盲从的凝聚力。“天上总统”之类的就是起这样的作用。你一看就觉得好笑，那你肯定不是他们的“营销目标”，而狂热信徒会陷入“越荒谬越虔诚”的怪圈。这次“新天地”和疫情纠缠在一起，绝非偶然。一开始各方认为该教信徒的疫情聚集性暴发是无心之过，但是“新天地”的教义是把疾病看作“灵修”的试炼。他们要求信徒即便生病也要坚持参加礼拜。超级传播者“31号”病人就是带病参加了两次礼拜，并有其他大范围接触，而且两次拒绝转院，对隔离治疗还不太配合。http://t.cn/A67z6TMO 原图 ,2020-02-26 13:24,238,56,102
IvPYWrm5A,【周新：抗病毒药物越早用越好，危重症病人死亡率较高】周新是上海市第一人民医院呼吸与危重症医学科学科带头人，也是上海第一批援鄂医疗队医疗组组长。对于这次的新冠病毒肺炎与SARS在救治上有什么不同，他讲道：“像SARS、禽流感，主要病变累及肺部，死亡率较高，气道内可以吸出血性分泌物，像洗肉水一样。而新冠病毒肺炎患者的气道比较干，没有看到血性分泌物，重症患者咳嗽和呼吸困难，症状较严重。在救治上目前都按照国家颁布的诊治指南。患者发展到危重症时，不是靠一个药物就能解决问题的。现在有些抗病毒的药物在临床应用，这些药物主要是在早期使用，抗病毒药物越早用越好，它会阻止病情发展，缩短病程。到了重症、危重型的病人，再用抗病毒治疗疗效就不好了，可能还会增加药物的副作用。”http://t.cn/A67v1wzI 原图 ,2020-02-25 15:39,473,64,186
IvPkZCOhV,【痊愈后重返抗疫一线的赵智刚：染病后两至三周，病毒复制数量最多】抗击疫情的战役打响以来，至今已有逾三千名医务人员出现感染。武汉大学中南医院急救中心副主任医师赵智刚，就是其中之一。早在1月7日，赵智刚和他的急诊小组曾经接诊了一位53岁的胡姓患者，病情相当严重。为了给他插管，医生把手伸进他的口腔，气管导管插入呼吸道，患者的痰喷了出来，溅出浅浅血色的泡沫。几天后，这个小组的4名医护全部陆续染病。1月22日，赵智刚被确诊，为了不占用本来已经非常紧张的住院床位，他主动要求回家隔离治疗。病情刚有起色，他就报名加入了中南医院的在线专家团。他是病人，也是医生，一边在家隔离治疗，一边为患者提供线上问诊服务，短短几天时间里，他服务了700多名患者。赵智刚痊愈后，隔离治疗一结束，他马上返岗，出现在急救中心诊室，“形势还这么严峻，治一个是一个，我得对得起自己的良心。”http://t.cn/A67vaDvB 原图 ,2020-02-25 14:01,360,42,46
IvPcxoy4g,【“局部爆发式增长”？韩国新冠疫情告急】“对居住在大邱市的61岁女性进行检测，结果成为第31例确诊患者。”这名61岁的女性，被韩国媒体简称为“31号”，她直接感染了至少37人。经韩国卫生部门调查，“31号”从未出国，也未发现其上游确诊患者，她的感染路径至今成谜，但其活动轨迹已调查清楚：发高烧后，她仍在首尔和大邱活动了一星期。她多次参加“新天地教会”的聚集活动。截至2月22日下午4时，该组织在大邱的八千多名信徒中，至少有43人确诊，四百多人出现相关症状。“31号”于2月17日下午就医隔离。入院后，“31号”仍导致多起“院内感染”。其中，一名来自大邱新韩医院40岁的女工作人员已确诊，“31号”曾去过的另外两家医院的急诊室当天也关闭。急诊室关闭和“院内感染”，直接触发韩国公众对国内医疗防疫系统崩溃的担忧。http://t.cn/A6hkLwCC 原图 ,2020-02-25 13:40,520,35,88
IvGryzGXI,【@武汉发布 ：#进出武汉市车辆和人员管理通告无效#】据@武汉发布 ：武汉市新冠肺炎疫情防控指挥部发布的《关于加强进出武汉市车辆和人员管理的通告》（第17号），系武汉市指挥部下设的交通防控组未经指挥部研究和主要领导同志同意发布的，现宣布该通告无效。相关人员已被严肃批评处理。#武汉将严格管理离汉通道#，严格人员管控，严防疫情向外输出。 原图 ,2020-02-24 15:22,468,56,144
IvzYukBrw,【杭州快递重进小区，疫情防控应因地制宜】新冠疫情发生以来，很多地方的小区都封闭了起来，禁止外来人员入内，快递和外卖小哥也被挡在了外面。作为变通之策，很多快递和外卖公司在一些小区外设置了取货点，快递、外卖送到取货点后由用户自行出小区拿取。但是由于快递量太大，同时会有很多人前往取货，取货点往往聚集了很多人，取货点事实上成为一个小型的人群聚集点，让无接触配送名存实亡。取货的用户不仅仅要面对快递小哥，还要面对同时来取货的其他用户。虽然按照要求所有人都应该佩戴口罩，但是这样较大规模的人群聚集，事实上成为防疫的一个薄弱环节。2月20日，杭州市新冠肺炎疫情防控领导小组发布关于方便居民生活必需品配送的通知，规定快递、外卖小哥凭健康绿码进入小区，利用快递柜进行无接触配送。在确保快递外卖配送人员健康的情况下允许他们进入小区配送，有利于更好地实施无接触配送，有利于防疫。http://t.cn/A6hdIwQb 原图 ,2020-02-23 22:54,249,75,83
IvzNkhSFA,#三行宅书# 很多人说自己在家里呆得快长毛了。不，蘑菇才有发霉的权利，你没有。你闷在屋子里为的是躲避病毒侵袭，是想更好地走出去……这些天你宅在家里做了什么？请用三行字，写出你这段特别时期的宅居生活。入选作品将发布在南方周末微信微博等平台，作者可获得南周APP一年会员。  [组图共9张] 原图 ,2020-02-23 22:27,73,20,58
Ivzm3cpBN,【金银潭医院：#军运会五外籍运动员患的都是疟疾#，与新冠肺炎无关】今晚，有一则旧闻在网络传播：在2019年10月18日-27日于武汉召开的军运会期间，前后有五名外籍运动员因身患输入性传染病，在比赛期间被送往了武汉市金银潭医院。而从新冠肺炎疫情暴发至今，关于病毒源头与“零号病人”的追溯，传出过中国科学院武汉病毒研究所病毒泄漏、境外人员输入性传染等多个玄乎其玄的版本。2月23日20点，金银潭医院院长张定宇在电话里明确回复南方周末记者：“武汉军运会期间，我们接收的五名外籍运动员，患的都是疟疾。”疟疾是一种蚊虫叮咬或患者输入带有疟原虫血液引起的传染性疾病，主要症状为发热畏寒，食欲不振，与新冠肺炎无关。#南周战疫专题限时免费# http://t.cn/A6PJWOxH http://t.cn/A6hreBXE 原图 ,2020-02-23 21:20,123233,1783,11507
IvxikCb6c,【#四川广元市民扎堆喝茶多人被追责#】记者23日从四川省广元市纪委监委获悉，该市纪委监委对“2月21日利州广场坝坝茶经营场地人员大量聚集”有关问题进行了调查。经研究决定，对广元市城管执法局广场服务中心主任张东予以党纪立案审查，对广元市文旅集团武则天文化旅游公司商管中心经理曹建峰予以政务立案调查；责令广场服务中心工会主席母绍宏等7名相关工作人员作出深刻检讨并通报批评。该通报称，广元市文旅集团武则天文化旅游公司严防聚集的要求不到位，负有主体责任；广元市城管执法局下属事业单位广元市城区广场服务中心工作方式简单、作风深不实，对监管地区可能出现的疫情防控风险预判不准，人员聚集后劝阻制止不力，负有监管责任。（央视） 原图 ,2020-02-23 16:05,214,33,69
Ivx31dRmf,【韩红基金会“被举报”风波：总体合规，部分违规】此次武汉疫情救援中，韩红基金会以透明的公开管理，获得了网友们的好评，对于北京市民政局的调查结果，也让很多网友认为“终于说明白了”。但如何看待通报中存在的不合规现象？作为一家非公募基金会负责人，姚露告诉南方周末，基金会在实际运行中，受现实因素影响。目前，依照北京市民政局的要求，公益项目立项之前要有背景调查报告、立项建议书、项目可行性报告，项目落地执行之后要撰写初期报告、中期报告、年度报告和结项报告。姚露认为，完成这些报告需要大量的工作，“很难做到完全合规”。姚露所在团队正在操作一个公益图书项目，“先是跟几家出版社去签协议，然后出版社要求必须先打款，才能够把书发出”。如果根据出版社的要求，先转款，再去补协议和票据，“这在执行上是违反规定的。但如果把所有流程合规走一遍，那项目就没时间执行了”。http://t.cn/A6hBNuXn 原图 ,2020-02-23 15:27,1431,83,293
IvwUMiPUJ,【海外记者眼中的广东“抗疫”和“复工”】日本经济新闻社记者比奈田悠佑和助理陈彪，近日到日本在穗汽车企业跑了一趟，了解日资企业“复工和供应链问题”。“如果中国企业、工厂长时间不能复工，供应链断裂，有些海外企业可能就会开始考虑替换对策了，比如把生产线外迁、寻找其他合作方。”陈彪说。中国经济继续停工将导致国内和全球经济中的技术链和供应链中断，在相当程度上，世界经济依赖中国生产的原材料、零部件和成品。像顺威是大金、松下、东芝、三菱、麦克维尔、欧威尔、VTS、法雷奥、马瑞利等国际企业的供应商，其空调风机的复工生产情况，将直接影响到上述企业。为了帮助产业链上下游企业顺利开工，顺威还向部分供应商捐赠了几千个口罩。除了为国际企业供货，广东顺威生产的空调风机扇叶，也是为武汉雷神山、火神山医院的通风系统提供空调、空气消毒设备厂家产品的关键部件。http://t.cn/A6hBoXvg 原图 ,2020-02-23 15:07,78,11,43
IvnVygXeQ,【#钟南山团队从尿液中分离出新冠病毒#】据@广州日报 报道 继从新冠肺炎患者的粪便标本中分离出新型冠状病毒后，2月19日，在钟南山院士指导下，钟南山院士团队专家、呼吸疾病国家重点实验室副主任赵金存教授团队再次在与广州海关技术中心共建的生物安全三级实验室中，从一例新型冠状病毒肺炎患者的尿液标本中分离到新型冠状病毒（2019-nCoV）。该样本是由广州医科大学附属第一医院提供的尿液标本。 原图 ,2020-02-22 16:14,111,30,34
IvnSSuRFC,【多省监狱新增确诊病例，疫情防控不能留下死角】监狱管理严密，与外界沟通极少，防控措施易于实施，曾经被调侃为新冠疫情中最安全的地方。但是，这样的封闭系统，一旦有一个环节被攻破，也非常容易造成大面积的感染。人员密集的场所，便是高风险场所，不可麻痹大意，防疫不能留下死角。http://t.cn/A6hmOZEc 原图 ,2020-02-22 16:07,88,14,24
IvnqqFfUS,【广州餐饮业有限恢复堂食】2020年2月21日，继广东省发布餐饮业复工的相关指引后，广州市防控新型冠状病毒肺炎疫情工作指挥部办公室最新发布《广州市推动餐饮业有序复工复产指引（试行）》，明确南沙、从化、增城3个区为Ⅳ级防控区，其余8区均为Ⅲ级防控区。而根据20日发布的《广东省餐饮服务业新冠肺炎防控工作指引》，分级为Ⅲ级防控区的县（市、区），餐饮经营单位限制堂食服务，限制措施包括不得拼桌；大堂餐桌实际使用数量不超过平时的50%，不同餐桌之间距离不小于1米；长条桌同排顾客隔位相坐，对面错位相坐；圆桌顾客隔位相坐，面对面距离不少于1米等。http://t.cn/A6hmJQQH [组图共6张] 原图 ,2020-02-22 14:57,176,46,73
IvewgqlKv,【司法部：全国5所监狱有罪犯感染情况，无在押罪犯因感染死亡】司法部监狱管理局负责人何平：截至20日24时，全国共有湖北、山东、浙江三个省的5个监狱发生罪犯感染疫情情况，目前这5个监狱没有重症病例。其中湖北武汉女子监狱确诊230例；湖北省汉津监狱确诊41例，疑似9例；湖北省未成年犯管教所疑似1例；山东省任城监狱确诊200例，疑似10例；浙江省十里丰监狱确诊34例，以上都是输入型病例。疑似病例及其密切接触者一律隔离观察，确诊患者一律送诊治疗，确保得到及时救治，目前未发生监狱在押罪犯感染新冠肺炎死亡的事件。 （央视）http://t.cn/A6hQeKzL ,2020-02-21 16:17,548,76,128
IvevRiCgN,【#中央政法委调查组赴山东调查任城监狱疫情#】经中央批准，近日，中央政法委组成调查组，由中央政法委副秘书长雷东生同志任组长，中央政法委、最高人民检察院、公安部、司法部有关负责同志参加，赴山东省就任城监狱新冠肺炎疫情有关情况进行全面调查。（央视新闻）  原图 ,2020-02-21 16:16,644,31,83
IvetrekwV,【武汉“应收尽收”难在何处？】“有些确诊居民找不到床位，医院和街道就会让他们来找社区，等社区的通知，这些人就会到社区闹，让社区帮他们解决床位。但我们哪有权力调配床位，只能等区里和街道的安排。”一位社区书记向南方周末记者表示，“我们跟他们接触，也很害怕，也怕感染啊。”这似乎形成了一个循环，社区工作者需要上门去排查，但他们本身就是密切接触者，一些居民并不愿意让他们上门。“别说上门去量体温了，有时我们连楼都进不去。”上述社区书记向南方周末记者感叹。武汉的小区要求每户每三天只能出一次门。这位书记的社区还要帮助居民购买蔬菜等生活用品，买回来之后，有的居民不敢跟工作人员接触，就从窗户上吊下来一个篮子，让工作人员将蔬菜等放到篮子里；有的则放到一楼门口，让业主自己来拿。缺人，是武汉社区工作人员共同的感受。为了补足社区人手，根据《长江日报》2月11日的报道，武汉市先后组织市直机关党员干部、市属国企干部职工、市属高校教师职工，共计1.6万余名干部职工，下沉到疫情较重的社区，统一编入街道社区工作队，协助开展“四类人员”集中隔离集中收治等工作。http://t.cn/A6h8PsTs 原图 ,2020-02-21 16:10,402,66,103
Ivdcp4U9F,#湖北新增确诊订正为631例#【#湖北订正新冠肺炎疫情数据#：#湖北新纳入220例确诊10例疑似#】据湖北省卫健委官网：目前，我省监狱没有接入传染病疫情网络报告系统， 2月20日夜接到监狱部门手工报卡后，经认真审核确认，截至2月20日24时，监狱部门报告的271例新冠肺炎确诊病例中有 51例前期已纳入相关地区统计并公布，其余220例确诊病例和10例疑似病例现纳入2月20日疫情数据进行公布。全省新增确诊病例数由411例订正为631例，累计确诊病例数由62442例订正为62662例；新增疑似病例数由1269例订正为1279例，现有疑似病例数由4084例订正为4094例。2020年2月20日湖北省新冠肺炎疫情情况2020年2月20日0—24时，全省新增新冠肺炎确诊病例631例，其中：武汉市319例、黄石市7例、十堰市13例、襄阳市3例、宜昌市4例、荆州市7例、荆门市6例、鄂州市5例、孝感市17例、黄冈市17例、随州市4例、恩施州1例、仙桃市1例、天门市4例、潜江市3例，咸宁市和神农架林区0例。此外，监狱系统累计增加220例。全省新增病亡115例，其中：武汉市99例、黄石市1例、襄阳市1例、宜昌市1例、荆门市3例、鄂州市1例、孝感市5例、黄冈市3例、随州市1例，十堰市、荆州市、咸宁市、恩施州、仙桃市、天门市、潜江市和神农架林区0例。全省新增出院1451例，其中：武汉市766例、黄石市40例、十堰市22例、襄阳市49例、宜昌市19例、荆州市80例、荆门市28例、鄂州市25例、孝感市98例、黄冈市125例、咸宁市45例、随州市78例、恩施州10例、仙桃市26例、天门市32例、潜江市8例，神农架林区0例。截至2020年2月20日24时，湖北省累计报告新冠肺炎确诊病例62662例，其中：武汉市45346例、黄石市974例、十堰市654例、襄阳市1170例、宜昌市895例、荆州市1517例、荆门市800例、鄂州市1343例、孝感市3346例、黄冈市2856例、咸宁市766例、随州市1287例、恩施州245例、仙桃市568例、天门市477例、潜江市188例、神农架林区10例。此外，监狱系统累计增加220例。全省累计治愈出院11788例。其中：武汉市6214例、黄石市339例、十堰市209例、襄阳市343例、宜昌市250例、荆州市531例、荆门市229例、鄂州市375例、孝感市771例、黄冈市1274例、咸宁市313例、随州市386例、恩施州112例、仙桃市210例、天门市165例、潜江市57例、神农架林区10例。全省累计病亡2144例，其中：武汉市1684例、黄石市27例、十堰市2例、襄阳市24例、宜昌市28例、荆州市40例、荆门市37例、鄂州市39例、孝感市94例、黄冈市90例、咸宁市10例、随州市28例、恩施州3例、仙桃市19例、天门市12例、潜江市7例、神农架林区0例。目前仍在院治疗42056例，其中：重症8979例、危重症2018例，均在定点医疗机构接受隔离治疗。现有疑似病例4094人，当日新增1279人，当日排除610人，集中隔离3906人。累计追踪密切接触者225696人，尚在接受医学观察63126人。 原图 ,2020-02-21 12:55,236,33,48
Ivdc0g8J5,【山东一监狱207人确诊新冠肺炎，省司法厅长、监狱长等多人被免职】记者21日上午从山东省政府召开的新闻发布会上获悉，山东省任城监狱发生新冠肺炎疫情，截至2月20日24时，当地全面完成了对任城监狱相关人员的核酸检测，确诊病例207人，目前已对所有确诊人员均采取有效隔离和救治措施。　　据介绍，2月初，位于济宁市的任城监狱个别管教人员出现咳嗽症状。2月12日下午，该监狱一封闭值班干警因咳嗽到医院就诊被隔离收治，13日22时经核酸检测后诊断为新冠肺炎确诊病例；同日18时，该监狱一封闭备勤干警经核酸检测后诊断为确诊病例。2月13日23时，山东省委、省政府接到报告后，迅即组织有关方面对相关区域进行封闭管理，全力开展排查、筛查、隔离、救治等工作。　　中央政法委、司法部对任城监狱发生新冠肺炎疫情高度重视，作出具体指示并派员指导工作。2月13日晚，山东省委书记刘家义接报并立即责成省司法厅采取措施，对该狱全部人员实行医学隔离，全力救治感染患者，防止疫情扩散蔓延。连日来，山东省委、省政府主要负责人多次召开紧急会议，听取任城监狱新冠肺炎疫情汇报，就疫情防控作出具体安排，并多次赶赴济宁市现场察看，调度疫情处置和病患救治等工作。　　目前，山东省任城监狱疫情防控处置工作正有序进行。一是全面开展筛查隔离，对密切接触人员开展拉网式排查，并全部转运至指定地点进行隔离。二是全力做好治疗工作，成立医疗救治领导小组，调集全省专家和救护力量，制定个性化医疗救治方案，积极实施科学救治措施。三是迅即组建专门医院，抢建方舱医院，从全省紧急调拨呼吸机、CT机等医疗设备和口罩、防护服等物资，全力保障救治需要。四是及时组织开展调查，根据调查情况对相关责任人启动问责程序。五是举一反三开展全面排查，派出15个专项检查组和9个督察组，分赴全省其他押犯监狱及看守所、拘留所、戒毒所、强制医疗所开展拉网式排查，坚决消除隐患。       因任城监狱疫情防控不力，经山东省委常委会会议研究决定，免去省司法厅党委书记、厅长，省监狱管理局党委书记、第一政委解维俊，省监狱管理局党委副书记、政委姜运华，省监狱管理局党委委员、副局长王文杰，任城监狱党委书记、监狱长刘葆善，任城监狱党委副书记、政委刘勇刚，任城监狱党委委员、副监狱长陈为宁，任城监狱党委委员、副监狱长（试用期）邓体贺，任城监狱党委委员、副监狱长（试用期）房德峰的职务，有关问题继续深入调查。对上述相关人员及其他责任人员，由纪检监察机关依程序进行调查，依规依纪依法作出处理。（新华社） 原图 ,2020-02-21 12:54,226,55,76
Iv53brENJ,【子夜时分 相信天一定会亮——专访小说《花冠病毒》作者毕淑敏】2003年，作家毕淑敏赴非典抗疫一线走访北京佑安医院、小汤山医院、外交部等前线和后方机构；目睹病人的痛苦和求生欲，医护人员的抗争与困窘，各个行业的协力互助。所有素材与脑中盘桓的画面，凝结成《花冠病毒》这部小说。2020年1月，新冠肺炎疫情爆发后，许多新老读者捧起这本书，被其中对病毒形态及其杀伤力的描写所震撼。而书中有关封城、市民抢购等等的描写，和现实似有惊人的“对应”之处。有人觉得她是预言家，毕淑敏的回答是，小说中有她对现实的观察，但更多出自想象，“勿需对号入座。”“我们至今从未真正摸清病毒的规律，想象力就成了重要的支撑点。不能把病毒的某一次‘消失’，当成永远的胜利。只要滋生它的土壤还在，它就很有可能卷土重来。”http://t.cn/A6hjSNMc 原图 ,2020-02-20 16:11,364,159,28
Iv4qoqIr7,【血浆治疗法：疗效待定，可为寻找抗体和疫苗打基础据】南方周末记者了解，与血浆治疗相关的临床试验及应用，已在湖北武汉、上海、山西太原、江苏徐州等多地展开，全国至少有四十余位康复患者完成捐献，超百名符合条件的康复患者完成预约登记。“输血是一把双刃剑，有风险。”新冠肺炎血浆疗法首倡者、江夏区第一人民医院(协和江南医院)副院长刘本德告诉南方周末记者，“在当前缺乏有效治疗方法的情况下，这是没有办法的办法，可以谨慎地通过回输康复者血浆的治疗来救急。”他所在的医院，已有7例患者输入了康复者的血浆。“最佳的治疗方法，还是直接对付新冠病毒的特异性抗体和疫苗。”刘本德说。他们希望在输血治疗的过程中，找到好的病例，为寻找特异性抗体和疫苗的开发，打下基础。http://t.cn/A6hji3vf ,2020-02-20 14:35,69,19,20
Iv3EF4fpE,【决胜武汉进行时】#南周战疫专题限时免费#http://t.cn/A6PJWOxH 新建或改造医院的速度，远比不上确诊病例每天一千多的增速，若不切断传播源头，降低死亡率并不现实。“封城”第24日，武汉开展了为期3天的集中拉网式大排查。2月16日，刚刚履新4天的王忠林在视频会上要求，“不漏一户、不漏一人”。“武汉是决战之地，要集中力量打歼灭战，而不是松松垮垮打持久战。”2月17日，湖北神农架林区无新增病例，确诊病例全部治愈，已经实现“清零”，这给疫情防控处于“最吃劲的关键阶段”的武汉带来信心。这场“大决战”，只有武汉自己知道伤口有多大，他们来自于楼下的救护车或殡葬车，身边亲友的求助。漩涡之外的人们只能看到一个数字，看不到背后的悲欢离合。疮痍之下，留存着希望。如同被按下了暂停键，漩涡中心的武汉异常冷清。只有到了夜晚，灯光秀墙体字母仍顽强地闪烁着“武汉加油”。http://t.cn/A6hOyDQf 原图 ,2020-02-20 12:38,236,52,49
IuPsQ5B9Y,【钟南山：2月中下旬疫情或达峰值，武汉还未完全阻断人传人】钟南山认为，即便峰值出现，也并不意味着拐点将至。随着务工人员返工潮的到来，可能还会出现另一个高峰。但目前，各地在返工潮中采取了严格的检查和隔离措施，新的疫情高峰不太可能出现。如能明确 “临床诊断病例”到底是什么，将确诊人群和正常人群完全区隔开，将对全国的疫情走势产生积极影响。“武汉地区的危重症患者病情更重，救治难度比SARS时期还要大，病死率更高。”钟南山坦言，这与初期病人重复互相感染有关，此外，武汉感染者基数巨大，使得医护人员无法在早期给予吸氧等治疗。病情一拖再拖，等到终末期才转至ICU，病死率自然高。 http://t.cn/A6h04GMq http://t.cn/A6hC2Kiq 原图 ,2020-02-19 00:30,476,72,135
IuOYnj9Wq,#国务院决定阶段性减免企业社保费#【国务院常务会议：#阶段性减免企业社保费缓缴住房公积金#】国务院总理李克强2月18日主持召开国务院常务会议，部署不误农时切实抓好春季农业生产；决定阶段性减免企业社保费和实施企业缓缴住房公积金政策，6月底前，企业可申请缓缴住房公积金，在此期间对职工因受疫情影响未能正常还款的公积金贷款，不作逾期处理。（央视）http://t.cn/A6h9igXG ,2020-02-18 23:15,473,93,112
IuM4GEFhU,【确诊大学生未再感染一人，自觉严格防护和隔离、不隐瞒是关键】新冠病毒传播凶猛。当15秒接触被传染、同栋楼上下层被传染等消息不断刺激人们紧张的神经之时，有个消息传来：陕西安康一名在武汉上大学的学生，他1月22日从武汉返回老家，1月28日被确诊。他的密切接触者包括父母，以及同乘大巴的乘客，目前都已经解除医学观察，没有被传染。他是如何做的呢？一是戴口罩，早在2019年底听到肺炎的消息，他和同学就买了口罩，在学校活动全程戴口罩，回家的车上也是一路戴口罩，甚至都没有吃饭喝水，因为这需要把口罩摘下来；二是少与他人接触，在车上他全程没有和人讲话，到达西安之后住店一晚没有外出，第二天回家之后用酒精对行李箱和手机等消毒之后，劝说家人取消了年夜饭，向政府报备后开始居家隔离。正是因为他严格的防护措施，使得他虽然在1月28日被确诊，但他的密切接触者都没有被传染。这位同学的经历证明，只要严格做好防护，病毒传播的链条完全可能被切断。http://t.cn/A6hKTHiq 原图 ,2020-02-18 15:52,1942,256,181
IuM13rbze,【抗疫牺牲的每一位医护人员，都应该授予烈士荣誉】明知有被病毒感染的风险，但他们仍然恪守医生、护士的职责，不顾自身安危奋勇向前。正是他们的努力，将很多危重病人从死亡线上拉了回来，正是他们的努力，尽可能地减轻了许多伤痛。他们是当之无愧的英雄。抗疫牺牲的每一位医护人员，都应该授予烈士荣誉  原图 ,2020-02-18 15:43,432,85,58
IuF53hTJH,【两部门：符合条件的 #因工作感染新冠肺炎殉职人员应评定为烈士# 】记者17日从退役军人事务部获悉，退役军人事务部、中央军委政治工作部近日联合印发《关于妥善做好新冠肺炎疫情防控牺牲人员烈士褒扬工作的通知》。通知指出，在新冠肺炎疫情防控工作中，直接接触待排查病例或确诊病例，承担诊断、治疗、护理、医院感染控制、病例标本采集、病原检测以及执行转运新冠肺炎患者任务等的医务人员和防疫工作者因履行防控工作职责感染新冠肺炎以身殉职，或者其他牺牲人员，符合烈士评定（批准）条件的，应评定（批准）为烈士。（新华社） 原图 ,2020-02-17 22:04,333,49,69
IuDLT6WUT,【#开往疫区的货车#】李星从手机里得知湖北急缺医疗物资，有些担忧。大年三十早晨起床，他一直在货运平台运满满上刷订单。到了中午，他看到一条订单，需要运一批医疗物资前往湖北孝感市，立即接了单。他告诉妻子，妻子希望他能够在家好好过年。李星坚持要走。“疫情那么严重，你说咱没有钱，可以在精神上支援，出一份自己的力。到那边要是被传染上，就做特别隔离，一切后果我也考虑过，我自愿。”这一天，在路上的还有货车司机曹师傅。他年轻时做生意赚了点钱，沾上赌博，欠了不少债，和妻子也离了婚，自己带着两个孩子，日子困难。“最难的时候，政府给了我们帮助，给钱治病，资助孩子上学。1991年，淮南闹洪水，灾后当地政府帮助重建了房子。现在国家有难，我们也要回报。”http://t.cn/A6haL1fg 原图 ,2020-02-17 18:44,196,18,25
IuCBKbPUR,【湖北#黄冈一线医护人员优先评职称晋升#】日前，湖北黄冈市出台文件提出，全面落实医疗卫生人才各项待遇，给予人事政策倾斜。对参加疫情防控工作的医护人员优先晋升聘用岗位，加大职称评定倾斜力度。黄冈市将在职称评定量化评审时，对参加疫情防控工作的医生、护士、检疫检验、防疫科研攻关等专业技术人员，予以加分，同等条件下优先推荐。http://t.cn/A6h6zv6c ,2020-02-17 15:46,188,15,42
IutfrFAGx,#卫健委回应基层疫情防控人员负担重#【#让疫情防控人员把时间花在刀刃上#】国家卫健委基层司副司长诸宏明：现在疫情防控属于关键时期，大家任务很重，除了法定必须要填的一些表格以外，其他报表、统计、总结都暂停。另外，有些信息是可以共享的，要通过国家、各地联防联控机制进行统筹，实现信息共享。基层医务人员的精力要扑在一线上，能不开的会尽量不开，能不发的文件不要发，不能以会议落实会议，以文件落实文件。（央视）http://t.cn/A6hxRlbG ,2020-02-16 15:57,116,30,40
Iutdd7xON,【#武汉查处抗疫失职失责13人#】近日，武汉市纪检监察机关先后查处4起在疫情防控工作中不认真履职尽责案件，共有13人被查处。其中，被中央指导组指出工作不够细、不到位的武汉市洪山区，副区长王在桥因严重失职失责问题受到政务撤职处分。硚口区长丰街#漏报信息致患者自缢武汉多人被处理#，另有多人因擅自外出离岗、未落实工作人员到岗等问题受到处分。http://t.cn/A6hM040f 原图 ,2020-02-16 15:51,106,24,50
IutcmbMKk,【一千三百万张退票背后：曾有一万多人在客服电话中排队】这个春节，受疫情冲击，人们的出行计划屡被改变。机票买了退、买了改的现象比比皆是。被改变的不只是个人行程。千万人在手机上按下“退票”的瞬间，无数订单砸向提供票务服务的互联网旅游平台。1月29日的携程，一度有1万多人在客服电话中排队。一位航空公司员工对南方周末记者计算，近日航班量下降了七成。2月7日，民航局运输司司长于彪表示，受疫情影响，加上民航相继出台免费退票政策，民航春运客流量大幅下降，春运七天假期，旅客运输量仅651万人次，同比减少近一半，客座率仅51.7%。截至2月4日，总共退票累计已超过1300万张。http://t.cn/A6hxmC6s 原图 ,2020-02-16 15:49,169,13,51
Iuta231KH,【生鲜电商“疫”外崛起】#南周战疫专题限时免费#http://t.cn/A6PJWOxH 家住北京的陈凡，今年24岁，凭借打游戏练出的过人手速，第一次成为家中买菜的主力军。受新冠肺炎疫情影响，从春节假期开始，陈凡一家几乎不再出门。他的父母第一次知道，原来网上也能买菜。陈凡已在连续多天的实战中总结出一套抢购攻略。重点是牢记各大生鲜电商的上新时间，“0点抢盒马鲜生，6点多抢Dmall，7点美团买菜，8点每日优鲜，9点永辉……”虽然抢菜不是问题，但陈凡的体验是，生鲜电商的送货速度远不如平日，隔天送到是常态。而在生鲜电商过去的广告宣传中，大多强调的是“半小时到家”。大众从未像今天一样，对生鲜电商和外卖小哥充满了感激之情。而生鲜电商这门生意，也意外地迎来了春天。http://t.cn/A6hxnpSk 原图 ,2020-02-16 15:43,114,40,36
IusQ03ZgB,【是什么导致千名医务人员被感染？】#南周战疫专题限时免费#http://t.cn/A6PJWOxH 很多医护人员被感染恰恰发生在疫情初期，且相当一部分是被无症状传播者感染。南方周末记者统计发现，眼科、神经外科、肝胆胰外科、妇科、肝病科等非重点防控的普通科室，均有人员感染。2月14日，国家卫健委首次披露了医务人员感染新冠肺炎的数据：截至2月11日24时，全国共报告1716名医务人员被感染，其中湖北全省占了近九成，共1502例，武汉一线有1102名医务人员确诊感染。1716名医务人员中，6人不幸殉职。“只要按要求做，不太可能有人感染。我带他们来，也要一个不少带他们回去。”广州医科大学附属第一医院副院长张挪富说，随着医护人员防护意识的提高，防护措施到位，后期被感染的医护人员应该越来越少。http://t.cn/A6hMFApV 原图 ,2020-02-16 14:54,253,83,50
IusqYoftF,【流感的免疫记忆】流感是每个人一生中会得N次的一种疾病，因为流感病毒亚型很多，导致流感的种类繁多。不过，如果在生命的早期如儿童时期患过流感，在以后的岁月，人们抵御相同类型以及其他类型的流感的能力就比小时候没有患过流感的人要强。这个结论是美国加州大学洛杉矶分校和亚利桑那大学的研究人员2020年2月4日发表在《公共科学图书馆·病原学》杂志（Plos Pathogens）上的一篇文章得出的。研究人员发现，人们抵御流感病毒的能力不仅取决于他们一生中感染的流感病毒亚型，还取决于感染这些病毒的顺序。http://t.cn/A6hxiwbP 原图 ,2020-02-16 13:52,73,34,21
Ium8XalJF,新型冠状肺炎疫情发生以来，一场全民参与的疫情防控战迅速拉开。众多企业投身其中，持续开展捐赠和援助行动，成为抗击疫情的中坚力量。南方周末推出“助力抗击新冠肺炎 责任企业在行动”专题，系统梳理各行各业的战“疫”行动，剖析行动背后折射出的中国企业社会责任发展的新实践和新内涵，和你一起见证企业在这场疫情防控战中的责任担当。即刻点击，了解更多深度内容 http://t.cn/A6hIJy88 [组图共5张] 原图 ,2020-02-15 21:51,40,13,8
IujOBxxkp,【中国科学界“战疫”】#南周战疫专题限时免费#http://t.cn/A6PJWOxH 自1月15日至2月5日，中国学者参与发表的新冠肺炎学术文章共66篇，平均每天发表3.1篇，参与研究人员总计590位。内容上，对传染病流行预测的研究最集中，共有26篇文章；病毒分析的20篇；临床数据分析9篇；药物研发6篇。非研究论文的专家观点和信息资讯共有5篇。SARS期间，2002年11月－2003年7月，在WebofScience和PubMed两个数据库上进行检索发现，前者的SARS相关文献2295篇，其中中国学者发表588篇，平均每天2.17篇；后者共680篇，中国学者占119篇，平均每天0.44篇。http://t.cn/A6hfJsxs 原图 ,2020-02-15 15:56,138,29,35
Iud92vNn3,【转运患者组织不力，#武汉市武昌区5名干部被问责#】2月9日下午，武汉市疫情防控指挥部要求武昌区于当晚12时前向定点医院转运494名患者。当晚在患者转运过程中，武昌区水果湖街、黄鹤楼街、珞珈山街等工作滞后、衔接无序、组织混乱，跟车服务不到位，导致重症病人长时间等待继而情绪失控，造成恶劣影响。武汉市纪委监委责成武昌区纪委监委查处了水果湖等街转运新冠肺炎患者组织不力问题，对有关责任人进行了严肃问责。2月14日，市纪委对此进行通报。（人民日报） 原图 ,2020-02-14 22:57,400,38,100
IuaNQEjKl,【拒绝贫困老人的五万元捐款做得好，应鼓励可持续的慈善】黑龙江省双鸭山市友谊县防控指挥部2月12日被曝拒绝了一位80岁老人的捐款。友谊县的做法比较正确。这位老人希望为防控疫情做点事的善心值得褒扬。他们看到武汉人民在遭受苦难，发自内心希望能出一份力，这份善良是最为宝贵的。但是这5万块钱可能是老人很长时间的积蓄，如果接受了，会对她今后的生活造成比较大的影响。这种情况下，接收善款的机构，拒绝接受捐款，做得很是周全。http://t.cn/A6h5d6as 原图 ,2020-02-14 16:59,980,134,85
IuafQ2yFk,一场突如其来的疫情，改变了无数人的生活。@南方周末 @南方人物周刊 将目光对准来自天南海北的多个群体，记录疫情之下的众生相；以独家视角切入，带来众多原创报道。即刻点击，更多深度内容一手掌握 #南周战疫专题限时免费#  战“疫”| 抗击新冠肺炎全纪录（持续更新中）  [组图共3张] 原图 ,2020-02-14 15:35,41,11,13
Iu0Wh5RSi,【#病毒捕手#：问询 ，追迹 ，画图 ，悬赏】#南周战疫专题限时免费#http://t.cn/A6PJWOxH 此次新冠肺炎疫情中，天津是最早公布详细流调过程的城市之一，其对宝坻百货大楼出现的聚集性病例，进行了抽丝剥茧的推理分析；江苏淮安浅深洗浴中心有5位顾客确诊，当地政府深夜急寻顾客与搓澡工；上海市病毒“追凶”甚至跨省追到了安徽蚌埠的健身房。福尔摩斯般的探案者，是一群的“病毒捕手”。他们跟踪病毒，关切每一例病患因何患病；与病毒赛跑，找到密切接触人群尽早隔离观察；回溯病毒来源，在病例间探寻联系，直至找出最初患病的“零号病人”和释放病毒的潘多拉魔盒。http://t.cn/A6h43CnW 原图 ,2020-02-13 15:52,93,25,14
ItUW4mUTs,【#湖北十堰张湾区13日零时起战时管制#】湖北省十堰市张湾区新冠肺炎疫情防控指挥部刚刚发布通告，宣布张湾区全域从2月12日24：00起实施战时管制，管制措施原则上以14天为一周期，视全市及张湾区疫情防控效果予以提前解除或持续实施。 （央视新闻）http://t.cn/A6hy3qM3  原图 ,2020-02-13 00:35,206,99,97
ItUP6oszQ,【陈薇少将：“愿一生和致命病毒短兵相接，为受困疫区的生命打开希望之门。”】#南周战疫专题限时免费#http://t.cn/A6PJWOxH 抗击武汉疫情第一线，陈薇这个名字进入了大众的视野。从阻击SARS，到抗击埃博拉，她总是深入为病患带来救治的曙光。武汉疫情告急。农历大年初二，陈薇带领一支由军队紧急派出的专家组赶至武汉，迅速投入了新型冠状病毒的病原传播变异、快速检测技术、疫苗抗体研制等工作中。在入驻武汉数日后，在军事科学院帐篷式移动检测实验室中，她和其他专家们应用自主研发的检测试剂盒，配合核酸全自动提取技术，核酸检测时间比现有时间大大缩短，确诊速度得以提高。2006年，她开始担任军事医学科学院微生物流行病研究所副所长。有朋友曾开玩笑说，陈薇总是搞些“魔鬼性的课题”——尽是跟炭疽、鼠疫、埃博拉这些令人闻风丧胆的疫病打交道。还有人曾经问她：“去疫区那么危险的地方，万一回不来怎么办？”她的回答很干脆：“穿上这身军装就意味着这一切都是你该做的，我愿这一生都能和致命病毒短兵相接，为受困疫区的生命打开希望之门。”http://t.cn/A6hyuBE1 原图 ,2020-02-13 00:18,442,74,52
ItUrO0slU,【下不了的高速：疫情中的现实“囧途”】#南周战疫专题限时免费#http://t.cn/A6PJWOxH车停在四川小镇卸货，几个当地人远远盯着他。过一会儿来了警车，要求肖红兵量体温，查看他之前的行程。他这才得知，家乡湖北已成为疫区，许多地方不允许外地车辆进入，他的鄂牌车更是重点关注对象。之后每到一处，肖红兵就对人解释自己从1月初就没去过湖北，但作用不大。肖红兵只好又上了高速，开始流浪。再后来，服务区也不让停了，没了歇脚睡觉的地方。实在困的时候，他就打自己的脸，薅自己的头发。晃晃荡荡一个多星期，1月29日下午，他车停在高速应急车道上，陕西汉中的执勤交警敲开车窗，肖红兵醒过来，他说“我太累了，太累了”，哭了起来。离家22天后，肖红兵终于在汉中北服务区停了下来。又过了十来天，他被媒体报道，不断有陌生人打来电话，安慰他，为他捐款，钱很快超过了一万，肖红兵赶紧宣布不再接收。手机被打到没电，肖红兵一刻不停地对人说着谢谢。接受南方周末记者采访的这天晚上，他还是没能回家，但幸运地在服务区的宿舍免费住下了。http://t.cn/A6hyTY4X 原图 ,2020-02-12 23:21,418,99,97
ItRviarmC,【疫情时期的怕与爱：“封城”20天的江城面孔“】#南周战疫专题限时免费#http://t.cn/A6PJWOxH无聊的日子其实并不可怕，最可怕的是在无聊的日子中打破从前生活的秩序。”宅在家十几天没出门的90后职员刘放，决定在疫情时期重新建立生活的秩序感：“简单地说，以前放假在自己屋里做什么，现在依旧做什么。”刘放一边阅读陀思妥耶夫斯基的《地下室手记》，一边回想武汉最吸引自己的是什么。他想明白了，自己最爱的是这座城市的市井气息：端碗热干面，在路上走着，随时可以听到炒菜声和麻将声。老社区与高楼大厦不突兀地融合在一起，听着闲聊的大爷大妈说家长里短，“会觉得这是在生活，而不是在生存”。刘放不知道“封城”还要持续多久。现在，他只希望能够早一点出门，在阳光下，吃一碗热干面。http://t.cn/A6h21gjD 原图 ,2020-02-12 15:51,122,20,17
ItK54wxUK,我们行走在中国大地，与一个个你不期而遇。今天，《南方周末》迎来创刊36周年的纪念日，但我们无暇庆生。正如所有奋战在抗疫前线的工作者一样，我们坚守属于自己的战场，用一篇篇“疫”线报道铭刻你我的故事。 #南周战疫专题限时免费# 点击链接立即阅读 战“疫”| 抗击新冠肺炎全纪录（持续更新中）  原图 ,2020-02-11 20:57,277,44,60
ItJk220sU,【“发热”的黄冈：750万人仅一家三甲医院，县乡自救】#南周战疫专题限时免费#http://t.cn/A6PJWOxH 2020年1月31日，黄冈市蕲春县刘河镇卫生院的发热病房交付了。病房建在一处驾校内，在1200平米的板房中设置了8个集装箱，这是这个小镇的“小汤山医院”，据称能安置40位病人。这是病毒学家周荣出的主意，他是刘河镇人，目前是钟南山团队的核心成员。1月25日，周荣从广州驱车至黄冈，应邀参加防疫工作。彼时，刘河镇卫生院已有四名医务人员疑似感染新型冠状病毒，乡镇卫生院不具备传染病隔离条件，而该县三家定点医院早已人满为患。1月23日，武汉和黄冈相继封城，封锁线很快延至县城和乡村，乡村患者无法外出就医。分级诊疗金字塔尖的三甲医院自顾不暇，重症患者转诊无望，县乡医院不得不承担起兜底收治的功能，成为基层抵抗疫情的小堡垒。1月27日，黄冈市将定点发热门诊扩大至127家，新增了大量乡镇卫生院。事实上，在此之前，他们已经承担起救治任务。http://t.cn/A6hwaoUa 原图 ,2020-02-11 19:01,1575,265,326
ItJiAeqdC,【湖北随州：31名外援医生终于来了】#南周战疫专题限时免费#http://t.cn/A6PJWOxH 全市只有一家三甲医院，一件防护服穿8个小时也舍不得扔掉，用塑料胶片自制护目镜，买工业酒精自己稀释……医护人员、物资……什么都缺，这是湖北省“北大门”随州市的窘境。随州距离武汉约两百公里，普通火车两小时、高铁一小时可达，大量随州人在武汉就业。虽然早在1月25日就已经开始公开募集物资，然而直至最近，随州市的紧急呼吁才大范围被外界所知。2月5日，湖北省省委副书记、省长王晓东来随州检查指导疫情防控工作。据随州政府官网消息，2月5日晚，湖北省肿瘤医院31人医疗队驰援随州，31位医护人员均来自重症医学专业。http://t.cn/A6hwXgcO 原图 ,2020-02-11 18:58,145,41,56
ItJcbEdW1,【疫情蔓延时，边陲县城徐闻的“另类”决定】#南周战疫专题限时免费#http://t.cn/A6PJWOxH 广东湛江市徐闻县，往昔旅客日达13万人次，承担着通往海南的交通要道功能。疫情爆发后，很多湖北籍旅客被阻隔在城市酒店之外时，1月25日开始，徐闻县政府为湖北籍旅客提供了一家专门用来集中进行医学观察的酒店。也是在这天，海口暂停湖北旅客上岛，大批过路人滞留在这座南方县城。截至2月3日20时，这家有一百多个房间的酒店已经接待湖北籍旅客153人，至今尚未发现确诊病例。正是这一举动，徐闻县成为了网上最先善待“武汉人”的城市。但少为人知的是，徐闻县政府的这一举动，也曾遭受过阻力和非议。用负责相关事务的官员的话来说，“这是一个大胆而及时的决定。”http://t.cn/A6hwipys 原图 ,2020-02-11 18:42,3825,1602,245
ItJ5ksczN,【疫情中的中小企业：政府驰援，积极自救】#南周战疫专题限时免费#http://t.cn/A6PJWOxH 各地政府已开始行动。比如北京，正鼓励大型商务楼宇、商场、市场运营方对中小微租户适度减免疫情期间的租金，各区对采取减免租金措施的租赁企业可给予适度财政补贴。近日，万达、大悦城等五百多家商业物业主，已经宣布主动减免商户租金。美的商业宣布减免一个月租金及物管费，红星美凯龙免除自营商场商户任意一个月租费，华润置地减免全国各商业项目所有店铺16天租金。“小微企业太难了，不替他们分担一下，客户真的要倒下一半。”联合办公社区米域创始人冯印陶对此忧心忡忡。为了帮助自己的客户，米域宣布无条件免去入驻米域会员1月31日至2月9日产生的会员服务费及租金。冯印陶形容这是“唇亡齿寒”，他坦言，同为创业企业，米域现金流同样不宽裕，但这个时候“帮客户也是帮我们自己”。http://t.cn/A6hwMkFq 原图 ,2020-02-11 18:25,41,22,9
ItJ2eCSMr,【造汽车的、做成衣的……都来一起做口罩】#南周战疫专题限时免费#http://t.cn/A6PJWOxH 2020年春节前夕引爆的新冠肺炎疫情，中国医疗防护用品一时间供不应求，不断有新企业一路快跑加入医用口罩生产制造行列，以满足眼前的供需缺口。2020年2月4日，红豆股份、水星家纺公告生产防护服的信息后，股价开始一路飘红。2月5日，中国酒业协会向酒精生产企业发出倡议，呼吁他们紧急向当地卫健委申请办理消毒酒精生产许可证，并向各省工信部门申请办理应对疫情应急物资运输通行证，尽快将足量的消毒酒精送到急需的防控前线。2月6日，总部位于广西柳州的上汽通用五菱宣布，将联合其上游供应商，通过改建生产线的方式生产口罩，计划开设4条N95口罩生产线、10条一般医用防护口罩生产线，日生产量170万个。http://t.cn/A6hwImp3 原图 ,2020-02-11 18:18,108,28,29
ItJ0572Lf,【别聚了！超400起聚集性疫情，聚餐、打牌、购物、洗浴都中招】#南周战疫专题限时免费#战“疫”| 抗击新冠肺炎全纪录（持续更新中）  原图 ,2020-02-11 18:12,50,25,15
ItG2v4zgm,【复工第一天的广州】#南周战疫专题限时免费# http://t.cn/A6PJWOxH 2020年2月10日，是广州春节假期延长后的复工首日，广州市的公交和地铁逐步恢复正常运营，不少市民选择乘坐地铁上班，路面车流也较假期有所增加。南方周末记者在广州地铁内看到，乘搭地铁的市民纷纷带上口罩预防新冠肺炎疫情。部分地铁线路在通勤时间点有空位可坐。尽管如此，有部分乘客宁愿站着并拉开互相之间的距离。其中一名乘客向南方周末记者透露，这样人与人之间的间隔可以开一些，减少病毒传播的可能性。http://t.cn/A6hzeOBh [组图共6张] 原图 ,2020-02-11 10:40,83,12,19
ItBcAzCot,【那些 #为新冠肺炎让路的患者# 】#南周战疫专题限时免费# http://t.cn/A6PJWOxH“二水”母亲身患急性白血病，两年来还算病情平稳，但粒细胞长时间处于极低的状态，要靠在武汉大学中南医院血液科每周输一次血小板、每两周输一次红细胞和服用抗癌药延长生命。前些天，“二水”想尽一切办法为母亲寻找血小板，但医院也没辙，因为“血液科发现了‘新冠肺炎’的确诊病例，整个科室都封了，你们去其他医院吧。”不惟武汉市和湖北省，目前全国各地都在防止“新冠肺炎”疫情扩散，几乎所有医院科室都在为新型冠状病毒感染的肺炎患者让路。影响也在慢慢浮现。比如，由于医院担心交叉感染，病房住不进，手术室不开，好不容易轮到排期的手术也被取消；肿瘤化疗无限期推迟，病情可能进一步恶化。药物临床试验也受到影响，受试者难以回到现场进行随访，数据收集不及时，违背方案的情况时有发生。http://t.cn/A6h7n9V9 原图 ,2020-02-10 22:21,129,84,93
ItrNYunZu,【#广州无人机编队撑武汉#】2020年2月9日凌晨，传统节日元宵节刚刚过去，一无人机编队在广州塔“小蛮腰”附近珠江上空拼出“抗击疫情”“武汉加油”“元宵节快乐”字样以及广州塔和黄鹤楼图形等，送上祝福，为武汉加油。广州无人机编队撑武汉  [组图共3张] 原图 ,2020-02-09 22:26,734,43,113
ItoPWlE0J,【专访上海第二批援鄂医疗队队长陈尔真】#南周战疫专题限时免费#http://t.cn/A6PJWOxH 陈尔真是上海第二批援鄂医疗队队长，上海瑞金医院副院长。上海第二批援鄂医疗队的148名医护人员于1月28日抵达武汉，全面接管武汉第三医院光谷院区的一个重症病区和两个普通病区。谈到新冠肺炎的病情变化比较复杂时，他解释道：“人体启动了免疫系统在和新型冠状病毒打仗，主战场就在肺里面，战争越严厉，战场环境的破坏程度越严重，病情也就越严重。”“我们救治的首要策略就是要保护肺怎么不受到战争的伤害，不变成大白肺，所以氧疗很重要。其他的包括对症处理和支持治疗，接下来就是抗病毒和并发症和合并症的处理等。这个病的生理特征跟SARS有点不一样：它主要有比较多的渗出。现在看起来整个肺泡上皮受损好像不算明显，主要是肺里大量的渗出为主，会波及其他的器官。”http://t.cn/A6PDxjdJ 原图 ,2020-02-09 14:52,194,158,44
ItgNki8qX,【广州首例新冠肺炎患儿治愈出院，第一想做的是“赶紧写作业”】2020年2月6日下午两点半，广州市妇女儿童医疗中心首位新型冠状病毒感染的肺炎患儿琦琦经感染科医护人员的精心诊治和护理，已符合治愈标准，正式出院。这也是广州市首个痊愈出院的新型冠状病毒感染的肺炎确诊儿童病例。当琦琦被记者问到出院后第一件想做的事情是什么，她回答：“赶紧写作业，假期的作业一个字都没有写。”http://t.cn/A6PDH3mj [组图共3张] 原图 ,2020-02-08 18:24,368,38,58
Itgb0edvB,"【#谁是假阴性新冠肺炎病人#】在武汉一线支援的检验科医生王锐智说，检验业内常说“garbage in, garbage out（垃圾标本出垃圾结果）”。他称，因为新冠病毒主要是在下呼吸道，而咽拭子取样是属于上呼吸道。新冠病毒临床管理指南指出，应同时检测上呼吸道和下呼吸道的标本以提高检出率，但在王锐智的观察中，下呼吸道的标本相对难获得，所以很多医院都没有做到同时检测。另一位一线医生说，咽拭子取样最便于推广，可操作性强，痰液不是随时都有，而肺泡灌洗液的提取涉及气管镜，操作不便，而且医护人员更容易感染。谭伟告诉南方周末记者，核酸检测最早由湖北省疾控中心来做，很多医护人员由于口对口面对病人，结果被传染，现在检测扩大到更多医院后，一方面有很多不专业的人来检测，取样的部位不够深，到不了咽部，更重要的原因是，有人会害怕自己靠得太近被传染，更容易导致取样不到位。http://t.cn/A6P3qv68 原图 ",2020-02-08 16:50,220,134,45
ItfYo2shn,【#谁是假阴性新冠肺炎病人#】在早期，对疑似病人而言，能拿到试剂盒便是“中了彩票”。而现下起了变化。即使症状吻合、CT提示肺部病毒感染的病人，也无法获得“阳性”确诊。这本是个好消息，如今反倒成为病人新的担忧：有病人可能是真阴性，但也有些人可能会在数次检测后，由阴性转阳性。他们无法在最初被定义为新冠病毒感染者，也就意味着，他们可能被医院拒之门外，病情可能突然加重，身边人也存在被感染风险。在杭州一所医院，有个病人测了6次核酸试剂都为阴性，直到第7次才测出阳性。多位一线医生表达了类似观点，对核酸检测最重要的影响因素首先是样品采集。台州一家定点医院收治的一对核酸检测均为阴性的夫妻，该医院不敢放他们走。妻子天天闹，喊着“国家都确诊我们没病了，你们还把我关在这儿”，还在隔离病房里大骂护士。http://t.cn/A6P3qv68 原图 ,2020-02-08 16:18,427,205,68
Ite24lG9e,【瑞德西韦有望成为抗击新冠病毒的特效药吗？】人类对抗病毒有多种手段，主要是三大门派：一是“御敌于国门之外”的早期抵抗，金刚烷胺类药物让细胞有如练了金钟罩，让病毒的核酸注入无法完成；二是阻止最后的“装配”环节，让病毒的第二代套不上蛋白质壳。病毒无法合成蛋白质，细胞破裂时只能“裸奔”，失去感染能力了。三是核苷类药物，主打病毒繁殖中间步骤的“翻译”，让合成的核酸链失效。合成核酸链就像造房子，一砖一瓦安装上去。核苷类药物会“阴险”地转化为假冒伪劣的“建筑材料”塞进工程，结果就是新造出来的病毒都是豆腐渣工程。这次备受瞩目的瑞德西韦就是核苷类药物。http://t.cn/A6PexI0u 原图 ,2020-02-08 11:22,443,102,83
It6zMwP3z,【广东医疗队援汉日记：带上SARS防治经验，进入武汉疫区】“刚进入病区的第一天，冲击会比较大。”肖冠华说。有一个感染科的小姑娘，第一次走进半污染区做消毒任务时，突然害怕得大哭。对于那些二十出头的医护人员来说，这是前线考验的第一关。前方还有很多关。病房配备设施不完善，物资大量紧缺，管理流程失序，病人收治量过大，问题需要一个个解决。他们用了两三天摸情况，调整排班方案。现在，每天早上都有固定的上级医生带组，查看固定一组病人。17年前的SARS经验，对这支队伍来说非常重要。队伍之中，郭亚兵、李利、史丽莎都是小汤山医护团队成员，曾经奋战在抗击SARS疫情的最前线。“你会觉得有#一帮见过世面的人在领着你#，信心一下子就提起来了。”肖冠华说。http://t.cn/A6PdPK66 原图 ,2020-02-07 16:23,206,56,30
It4jH62fO,【#钟南山谈抗病毒特效药#】针对最近热议的抗病毒“特效药”，钟南山表示，临床试验可以加快绿色通道，但必须走程序。“很多实验室找到一个苗头，就希望马上完全进入临床，这个要小心，伦理审查一定要通过。临床医生还是要按临床的规矩来做。”（央视）央视新闻的微博视频  ,2020-02-07 10:38,439,77,60
It4aaoUiJ,据@武汉中心医院 2月7日消息：武汉中心医院眼科医生李文亮，在抗击新型冠状病毒感染的肺炎疫情工作中不幸感染，经全力抢救无效不幸去世  原图 ,2020-02-07 10:15,1207,113,312
IsWFhdA0V,【“征用”疫情紧张地区防疫物资，大理太无理】根据突发事件应对法，有关政府及其部门为应对突发事件，可以征用单位和个人的财产。但是根据传染病防治法，根据传染病疫情控制的需要，地方政府只有权在本行政区域内紧急调集人员或者调用储备物资。在全国范围或者跨省、自治区、直辖市范围调集人员物资，是国务院的权限，大理无权跨省征收。从疫情严重程度看，截至2月5日，黄石市共有确诊病例566例，重庆市共有确诊病例389人，而大理有确诊病例8人。前两地的疫情防控形势无疑更加严峻。5日大理方面接受媒体采访曾表示物资已经发放无法追回。好在经过舆论发酵后，6日，重庆商务委表示，大理已经“答应把口罩还回来了”。大理方面应尽快兑现承诺，让紧缺物资尽快在最急需的地方发挥作用。尽管大理已经答应归还，但国家有关部门还是应该对大理市的做法予以严肃查处，以儆效尤。否则，如果各地政府都随意征收路过本辖区的防控物资，将对全国抗疫一盘棋的大局带来严重的破坏。http://t.cn/A6Pus3Td 原图 ,2020-02-06 15:09,699,176,189
IsPIm3Cl6,【湖北：#确保疑似确诊病例应收尽收应治尽治#】湖北省新型冠状病毒感染肺炎疫情防控指挥部令：全省新型冠状病毒感染肺炎定点医院和各级各类医疗机构对发现的疑似和确诊病例，尽最大努力收治。不能收治的，按照相关规定进行登记，并及时通知所在县（市、区）疫情防控指挥部或辖区转运队，由县（市、区）疫情防控指挥部或辖区转运队安排车辆转运至集中隔离点，确保疑似和确诊病例“应收尽收、应治尽治”，确保一个都不放过。违反此条者，按照《传染病防治法》相关规定，严格追究责任。 原图 ,2020-02-05 21:28,241,21,43
IsNJ11axj,【鄂外重灾区：国内多地重点管控“温州返回人员”】2020年2月2日开始，浙江温州的居民每两天就需要做一次决定：家里选派谁出门？当天一早，温州发布了国内最严格的出行管控措施：未来七天，全市每户家庭每两天指派一人出门采购生活物资。这基本照搬了湖北黄冈前一天就开始的做法。相比黄冈，温州的疫情“并不算重”，截至2月4日12点，黄冈确诊的新冠肺炎病例已超过1400例，温州是340例。温州已成“孤悬的重灾区”，目前正对所有确诊病例的密切接触者和湖北返温人员进行集中硬隔离，仅下辖的乐清市就要隔离6613人，全市需隔离近3万人，正在进行“拉网式再排查”。同一时期，国内不少城市也开始排查从温州返回的人员，对相关人员进行隔离甚至直接劝返。http://t.cn/A6PEF78A 原图 ,2020-02-05 16:24,219,45,61
IsMDq2W7n,#中国医声#与家人分别、放弃团圆之乐的是你，在医院里忙碌得顾不上三餐的是你，悉心照顾每一位病患的是你；当有疫情来临时第一个冲向前的是你。你不后退、不屈服，而是努力奋斗甚至起身战斗。你当然会疼痛，甚至会受伤，但绝不会让自己后悔。没有什么比你内心的信念更加真切，没有什么比你内心的力量更加坚忍。加油，我们能赢！ [组图共4张] 原图 ,2020-02-05 13:37,130,28,21
IsF2Tj3o9,【李兰娟院士团队发布最新研究成果】据长江日报，4日，中国工程院院士、国家卫健委高级别专家组成员李兰娟团队，在武汉公布治疗新型冠状病毒感染的肺炎的最新研究成果。根据初步测试，在体外细胞实验中显示：（1）阿比朵尔在10～30微摩尔浓度下，与药物未处理的对照组比较，能有效抑制冠状病毒达到60倍，并且显著抑制病毒对细胞的病变效应。（2）达芦那韦在300微摩尔浓度下，能显著抑制病毒复制，与未用药物处理组比较，抑制效率达280倍。团队成员、浙江援鄂重症救治组领队、浙大一院副院长陈作兵提醒，“这两种药为处方药，患者一定要在医生的指导下服用。”http://t.cn/A6PQEwog 原图 ,2020-02-04 18:18,303,63,99
IsE6Phczn,【湖北省红十字会3名领导被问责】针对反映湖北省红十字会在捐赠款物接收分配中的有关问题，湖北省纪委监委开展调查核实工作。经查，省红十字会有关领导和干部在疫情防控期间接收和分配捐赠款物工作中存在不担当不作为、违反“三重一大”规定、信息公开错误等失职失责问题，经湖北省纪委监委研究并报省委批准，决定免去张钦省红十字会党组成员、专职副会长职务，并给予其党内严重警告、政务记大过处分；给予省红十字会党组成员陈波党内严重警告、政务记大过处分；给予省红十字会党组书记、常务副会长高勤党内警告处分。省红十字会其他责任人员按照干部管理权限由有关党组织依纪依规处理。（湖北省纪委监委网站） 原图 ,2020-02-04 15:55,603,63,141
IsCeM6cIA,【#内蒙古回应住确诊病例楼上被感染#】2月3日，鄂尔多斯市达拉特旗就“内蒙古达拉特旗新增病例无外出、无接触史，住在确诊病例楼上”等话题进行了情况通报，经达拉特旗疾控部门对第4例确诊病例白某云组织流行病学调查发现，白某云在树林召东源新村居住，系首例确诊病例宋某楼上住户。期间，白某云一家曾多次上下楼经过三楼宋某家，宋某家门经常敞开、门口常有生活垃圾堆放。经达拉特旗疾控部门对第7例确诊病例王某组织流行病学调查发现，王某与达拉特旗首例确诊病例宋某一家有接触史，与白某云及妻子张某芳也有长时间的密切接触史。流行病学调查具体情况是，1月22日晚21时，王某从东胜拼车回到达旗东源新村家中后，随母亲白某转到白某云家，当时王某未佩戴口罩，白某转戴有口罩。上楼过程中经过三楼302室宋某家门口时，其房门敞开，两位男士（其中一人为宋某）均未佩戴口罩站在门口与屋内人员说话，经过时距离较近。当晚约21时30分张某某（系白某云妻子，第6确诊病例）上楼回到家中；约22时白某云上楼回到家中，23时许王某与母亲白某转离开白某云家。1月23日—1月27日期间，王某与白某云、张某某多次乘坐车辆往返于东源新村与耳字壕河洛图白家梁，1月24日3人在东源新村5号楼阳面16号车库一起过春节，有长时间的密切接触。根据上述情况，不排除宋某是白某云、张某某、王某感染新型冠状病毒感染的肺炎的源头，有关专家仍在进一步调查核实中。（人民日报） 原图 ,2020-02-04 11:09,290,45,79
IsCdIs1WQ,【驰援武汉的上海专家：多数重症病人体内突然启动炎症风暴】上海中山医院重症医学科副主任钟鸣是驰援武汉的上海医学专家。1月24日，钟鸣进驻武汉金银潭医院开展工作。据他观察，和SARS不太一样，“新冠肺炎病人有的早期发病并不是非常凶险，但是后期突然会一个加速，病人很快进入一种多器官功能衰竭的状态，会是一种炎症的风暴。一旦进入这种状态，我们的治疗很难把它拉回来。这和过去完全不一样，很多病人不是死于肺。因为我们有ECMO（危重病体外心肺支持），我们有呼吸机，我们有各种治疗的策略，我们可以让病人肺的功能得到代替。但是很多病人死于肺外的多器官功能的衰竭，这个跟过去都有很大的不同。”“从表面上看，病人的体内可能启动了一种炎症的风暴，这种炎症的风暴导致了各个器官功能的衰竭。我们观察到的是，很多病人都有心肌损伤的标志物的升高，所以这个病毒很有可能它本身也会损伤心肌，类似于心肌炎的表现，可能会损伤很多其他器官。”http://t.cn/A6PTT3cz 原图 ,2020-02-04 11:06,599,365,183
IswW0oEie,【专家：#请大家一定把手洗好#】专家蒋荣猛表示，病毒从人体出来后很快沉降，不会在空气中漂浮。从这个意义讲，空气中不会有病毒。但飞沫可以沉降，病毒可以落在物体表面，人可以通过手来接触到病毒。病毒在光滑的物体表面可以存活数小时，如果温度湿度合适的话能存活数天，比方说气温20度，湿度40%到50%时，有研究发现过去这个冠状病毒有可能存活达到5天。呼吸道传染病这个飞沫传播，更多时候通过手来传播，所以请大家一定把手洗好。http://t.cn/A6PTbK0p ,2020-02-03 21:39,199,108,69
IswHepIod,【转染色体牛有望对抗新型冠状病毒】目前新型冠状病毒肺炎尚缺乏针对性药物和疫苗，美国一家公司培育出一种转染色体牛，可短时间大规模生产抗致病性病毒的人源多克隆抗体药物，其生产的抗MERS冠状病毒多克隆抗体药物已进入临床试验，该技术预计或许也可用于新型冠状病毒药物开发。 http://t.cn/A6PT2RJW ,2020-02-03 21:03,184,26,71
IskhclfbX,#武汉回应工作人员领口罩#【#武汉回应防疫专班工作人员领口罩#】网上披露我厅工作人员领取防护口罩一事后，按市新型肺炎防控指挥部要求，市相关部门立即对有关情况进行了调查核实。　　经查，为保障和解决机关一线工作人员防护问题，市政府办公厅疫情防控工作专班相关人员向市应急物资储存仓库问询和了解了防护用品储备情况。市应急物资储存仓库管理人员告知，相关防护用品已按要求发放给了全市各医院、社区，目前仓库存有少量防护用品。2020年2月1日下午2:30，该工作人员参加市应急物资储备与管理工作会议时，找市应急物资储存仓库管理人员领取了口罩等相关防护用品。市应急物资储存仓库管理人员对整批物资统一办理过登记、审批等手续。　　下一步，我们将进一步规范专班一线工作人员防护用品的筹集、储备、发放等管理工作。感谢媒体的关注与监督！（武汉市政府官方网站） 原图 ,2020-02-02 13:26,2856,206,500
IscEhiswD,【对话广东医疗队中山附一领队刘大钺：#救助最主要是供氧问题# 】“现场情况比我们想象的更严峻一些。”2020年1月30日，刘大钺对南方周末记者说。这位广东医疗队中山附一领队，是中山大学附属第一医院感染管理科主任医师，2003年曾参加过SARS疫情救治，是感染病管理领域的专家，目前在武汉定点的汉口医院。“救助实际上最主要还是供氧问题。新型冠状病毒感染肺炎本来就没有特效药物，其实就是提高免疫力，‘氧疗’或者用激素，再补充一些体力、能量。目前这些都有较大问题。比如说最简单的供氧，氧气供应上的话，整个（人体机能）慢慢就会改善，没有充足的氧气就会呼吸困难，最后可能是因为这个原因导致死亡。‘氧疗’非常关键，现在是供氧不足、管道老化，一个病人要用高流量的话，其他病人就吸不了了。”“我个人观点，这是一个很严重的问题”。 原图 ,2020-02-01 18:00,786,479,101
IscibFke4,#湖北省红十字会回应捐赠物资分配质疑#【湖北红会再发说明：对物资分配中存在的问题深感痛心、自责和内疚】刚刚，湖北省红十字会官网就捐赠物资分配有关情况发表说明：近期，湖北省红十字会捐赠物资分配问题受到媒体和网民的高度关注和质疑，我们对物资分配中存在的问题深感痛心、自责和内疚，对媒体和网民的监督和批评表示衷心的感谢！现就媒体和网民关心的问题说明如下：一、关于分配给仁爱医院口罩的问题。2020年1月26日下午，我单位收到一家爱心企业捐赠KN95口罩3.6万只的意向。KN95口罩不在新型冠状病毒肺炎疫情防控用品清单目录内，我单位根据1月26日上午仁爱医院等单位的紧急求助信息，协调捐赠方于1月27日下午由捐赠方捐赠给武汉科技大学附属天佑医院1.8万只、仁爱医院1.8万只口罩。仁爱医院在1月24日以前，设有发热诊室和隔离观察室。二、关于协和医院3000只口罩的问题。2020年1月26日，一位爱心人士定向捐赠协和医院3000只口罩。三、关于省红十字会内部管理问题。我单位连夜召开党组会议，深刻查找捐赠物资接受分配中的管理问题，对存在的审核把关不严、执行程序不严格、工作不细致、作风不扎实等问题，会党组作出深刻检讨，并将对直接责任人依纪依规追责。下一步，省红十字会将痛定思痛、举一反三、认真整改，进一步压实责任、转变作风，全程接受纪检监察部门监督，接受广大媒体和网民的监督，以更加严谨的工作态度，严格按职责、按规定、按程序接受和使用好社会各界捐赠的款物，竭尽全力配合做好疫情防控工作。（湖北省红十字会官网） 原图 ,2020-02-01 17:06,2010,174,499
Isc64w9rI,【#湖北黄冈市区人口出行管控#】经湖北黄冈市新型冠状病毒感染的肺炎疫情防控工作指挥部研究，决定从今天起，在黄冈市区范围内实行居民出行管控措施。即日起，严格控制市区居民出行。每户家庭每两天可指派1人上街采购生活物资，其他人员除生病就医、疫情防控工作需要、在商超和药店上班外，不得外出。措施解除时间另行通知。 原图 ,2020-02-01 16:36,287,44,61
Isc5y3nPz,【家人被隔离，16岁脑瘫患者死亡后续：#黄冈华家河镇镇书记镇长被免职#】2020年1月29日，红安县华家河镇鄢家村确诊为新冠病毒肺炎患者鄢小文的密切接触者鄢成（脑瘫患者，鄢小文的大儿子，16岁），在该镇集中观测点房间内确认死亡。红安县迅速成立联合调查组，调查组反馈，华家河镇党委、政府在新冠病毒肺炎疫情防控期间，存在工作不实、作风不实，已经免去该镇党委书记、镇长职务。 原图 ,2020-02-01 16:35,726,109,134
Is4HKdqvU,【武汉启动“分级诊疗”后】在第一线的医生，担忧的不仅仅是床位紧张。赵亮告诉南方周末记者，新型冠状病毒感染肺炎目前没有特效药，主要还是以支持治疗为主，环境、免疫力、条件设备对治疗效果影响非常大。汉口医院离华南海鲜市场较近，早期将之设立为定点医院，首先考虑到便利性，但后来发现医院设施不甚理想。赵亮举例称，氧气供应是很大的问题。病情严重的患者呼吸困难，在没有特效药的情况下，“氧疗”能否跟得上，是能够直接影响治疗效果的大问题，但是现在供应还是有困难。“做好防护十二万分之重要。”他对南方周末记者重申这一常识。此前汉口医院医务人员有数名被感染，皆为早期不了解新型冠状病毒危害性，没做好防护的情况“倒下的”。后来防护装备跟上之后，就没有再出现医务人员感染的病例。http://t.cn/A6P9HJVl 原图 ,2020-01-31 21:47,126,66,37
IrVeJmdkn,【湖北省委书记：正在研究#接回滞留在外湖北乡亲方案#】30日21时，湖北省政府就疫情防控召开新闻发布会，湖北省委书记蒋超良表示，湖北正在考虑正在研究接回滞留在外湖北乡亲的方案。他说，#湖北感谢各兄弟省份帮助#照顾好他们，也请在外头湖北乡亲积极的配合当地政府，做好防控隔离，保护好自己的身体，我们等着你们平安回家。 原图 ,2020-01-30 21:41,49,31,0
IrVaZFPQi,【#上海医疗专家组长回应党员上一线#：不要把我看得太了不起】新型冠状病毒感染肺炎上海医疗救治专家组组长张文宏：党员非党员在职责面前没有区别，但我们入党时讲好的，危险时要冲在前面，这样我们能迅速排好班。希望大家不要把我看得太了不起，如果要关心，多关心武汉的医生们！央视新闻的微博视频  ,2020-01-30 21:32,1494,302,135
IrUpo3BBK,#口味王再捐大批急需医疗物资驰援湘琼# 继1月26日向武汉红十字基金会捐资1000万元之后，1月31日开始，口味王集团调动各方资源，克服物资海外筹集采购、跨境运输及入关等重重困难，从阿联酋采购逾13万只N95及医用口罩、近10万套防生化服、逾3000副护目镜等急需医疗物资，驰援湖南益阳、邵阳，海南万宁等地。这批医疗物资于近日会全部运抵三地的各大医院，用于当地疫情抗击及防控工作。 原图 ,2020-01-30 19:34,673,38,83
IrUkT6Tl3,【湖北人不是病毒，不应被拒之门外】#在一起战疫# 从疫情防控的角度，要切断病毒的传播，需要的是就地隔离有可能携带病毒的人，而不是将其拒于自家门外而任其到外地。如果各地都不接收“武汉人”，那这些在封城之前，甚至在疫情广为人知之前就已经离开武汉要到外地去的人，可能就无处可去。任由可能的病毒携带者“流浪”，可能会扩大病毒的传播。从人道的角度，这对在外的湖北人也是不人道的。由于疫情的发展，包括武汉在内的多个湖北地市都实行了“封城”，限制人员流动，这让不少已经在外探亲或者旅游的湖北人难以回家。如果外地也不允许他们居留，那他们就面临无处可去的境地。担心他们病毒是可以理解的，要求他们隔离观察也是必要的。但是应该体现出对同胞的尊重和关怀，不能以牺牲武汉人与湖北人的尊严和权益作为防疫的代价。http://t.cn/A6PSlqtX 原图 ,2020-01-30 19:23,440,40,85
IrMQVdWrj,【#金银潭医院院长回应患渐冻症#：坦然面对，对待疫情也是一样】#战疫# 武汉金银潭医院院长张定宇，近一个月几乎没休息过。提到自己的渐冻症，张院长说：我现在还是坦然地对待自己的疾病，就像坦然对待疫情一样。如果幸运的话，我会有8到10年以上的时间，如果不幸，最多五六年，但我会用好这些时间。http://t.cn/A6PXX96w ,2020-01-30 00:20,1843,402,110
IrMJq9KXQ,【武汉再造“小汤山”，当年的设计师叮嘱“保证安全是首位”】#战疫# 武汉在新型冠状病毒感染肺炎疫情下修建火神山、雷神山医院，无疑受到2003年抗击SARS时期北京建小汤山医院的启发。小汤山医院仅用7天建成，从4月30日晚收治第一例SARS患者，到6月20日最后18例患者出院，它一共“服役”50天。在收治的680例患者中，只有8例死亡，治愈率接近99%。而全院1383名医务人员，无一人感染。1月27日上午，南方周末记者电话采访了小汤山医院的设计者黄锡璆。黄锡璆已年届八十，他从未想过，当年为小汤山医院赶制的设计图纸，17年后会再次派上用场。他分析道：“北京干燥，武汉湿润，这是最大的不同。湿润的气候条件可能利于病毒的生存和传播，对医院的防水工作提出了更高的要求。”“小汤山当时主要是用板材。武汉用现成的集装箱房是个很好的想法，速度会更快，而且尺寸统一。不过，要尽可能满足无障碍推行的使用需求。”http://t.cn/A6PJTVCU 原图 ,2020-01-30 00:02,266,44,25
IrMHD3lE6,【襄阳：如何成为湖北唯一不“封城”的地级市】#战疫# 尽管公交车班次被压缩，但在湖北，襄阳目前还是唯一没有“封城”的地级市，市内公共交通仍正常运转。“交通管制的措施是根据疫情防控的实际情况推进的”，江伟兵在襄阳新型冠状病毒感染的肺炎防控指挥部负责新闻发布工作，他对南方周末记者表示，襄阳没有像省内其他城市那样“封城”，是为了在“健康安全”的前提下，维持城区基本正常秩序。在江伟兵看来，襄阳虽未“封城”，但周边县市已加强了对出城的管控，襄阳在湖北基本上已处于“隔离”的状态。他希望不“封城”能让市民的情绪趋于稳定、减少恐慌，“这对防控疫情也有好处”。http://t.cn/A6PiOfmA 原图 ,2020-01-29 23:57,322,55,88
IrMGEaykK,【那些志愿“以命相托”的武汉司机】金艳东也收到了信息，“公安交管局通知的车号是禁行车，凡是未接到通知的车都是不禁行的，此次是负面清单管理。”这两个信息让他有些困惑，不知道能不能上街。他了解到，政府已经成立了专门的车队解决医护人员出行的问题，他想把自己手上的私家车资源转入政府的车队中。另外，他看到滴滴出行在武汉发了通知，免费为医务人员提供出行服务。“我想我们以前也是私家车主，让大家去注册滴滴司机，编入他们的车队效率会更高。”1月26日晚，有一位不愿透露姓名的爱心人士联系到他，请他送防护服，他就自己开车到华中科技大学同济医学院附属梨园医院，把40套防护服送到一位医生手里，但不小心误入了医院的隔离区。在微信语音里，他说，“等这场病毒过后，我们有缘再见。”http://t.cn/A6PXaS3p 原图 ,2020-01-29 23:55,115,12,7
IrL1uei5s,【#病毒在毛质衣物上存活时间更短#】呼吸与危重症专家：病毒在衣服上存活的时间很短，短的几分钟，长的几个小时。一般越光滑的地方，病毒越容易存活。病毒在毛织品上存活时间相对要短，在空气中、在飞沫中存活的时间更长。毛质衣物上，如果没有近距离接触，病毒存活可能性很小。 央视新闻的微博视频  ,2020-01-29 19:41,99,73,38
IrL1glZzo,【#官方回应人大附中一家长感染肺炎去世#】徐和建：23日晚，人大附中高三某学生的家长，被确诊感染新型冠状病毒肺炎，1月28日不幸病逝。截止目前相关家长师生均未出现疑似病例情况，同时学校开展环境消毒，员工体检等工作，安排进行心理疏导和安抚。央视新闻的微博视频  ,2020-01-29 19:40,53,12,23
IrCbLp2a6,【在我家，恐慌未必不是一件好事】我家住在广东汕头市的一个海岛上，消息的闭塞让不熟悉互联网的长辈们对此次新型冠状病毒感染的肺炎疫情置身事外，年轻人也心存侥幸，觉得“战火”烧不到岛上来。戴上口罩会被岛民们认为是“小题大做”，招来让人反感的嘲笑。大年初一的晚上，我爸爸和亲戚在商量去医院看望卧病在床的小叔。小叔年前因消化道出血住院，是在医院里过的春节，而那间医院正是收治新型冠状病毒感染的肺炎患者的定点医院。我一听立马要求他们取消，可他们左一句“没事呐”右一句“放心啦”着实让人放心不下。毕竟，他们戴口罩的可能性很低。所幸，大年初二，汕头市发出的一则关于实施交通管制的通告让小海岛陷入恐慌，岛民们纷纷前往超市、小卖部抢购大米和油，大雨滂沱让事态显得更加紧张。和抢购大米和油的岛民们一样，我爸和亲戚们终于意识到新型肺炎疫情的严重性，取消此次行程，以微信问候替代现场看望。当天下午一时许，汕头市恢复交通，小海岛亦恢复以往的秩序。晚饭时，我妈问我：“牛肉还能吃么？”http://t.cn/A6PJZl7X 原图 ,2020-01-28 21:11,280,38,34
IrshYrEOj,【国家医保局：#疑似病人纳入医保# 免除个人负担】国家医保局发布消息：将进一步研究加强患者医疗救治费用保障工作，抓实抓细，确保患者决不因费用问题耽误救治。国家医保局将疫情应对作为当前最主要工作，决定成立新型冠状病毒感染肺炎疫情防控领导小组，进一步完善工作机制，加强沟通协作。①会同财政部将此前针对确诊病人建立的综合保障政策覆盖范围扩大到卫生健康委诊疗指南明确的疑似病人，免除疑似病人个人负担。②要求地方医保部门针对定点救治医疗机构单独安排疫情防控预算额度，预先拨付供其周转使用，减轻垫付压力。③明确异地就医医保支付费用由就医地医保部门垫付，疫情结束后全国统一组织清算，个人负担部分由就医地制定财政补助政策并安排资金。④对疫情防控急需的药品耗材，若省级招采平台不能及时供应，可由医疗机构网下采购应急使用。 ,2020-01-27 19:59,78,23,6
IroEmaQUq,【#肺炎疫情亟需心理干预# ：“处理恐慌也是重大任务”】“你知道不被需要是怎样一种滋味吗？”农历鼠年前几天，湖北省心理咨询师协会会长、武汉大学中南医院神经内科主任医师肖劲松接到一个电话，来电者是一位医生，刚被确诊感染了新型冠状病毒肺炎。满腹委屈、无助、内疚……种种情绪涌上心头，她拨通了肖劲松的电话，倾诉“不被需要的痛苦”。疫情暴发，人们不光面临生理上的挑战，还有心理上的困惑——患者被迫离开熟悉的环境，被送到封闭的病房中接受治疗，无亲友陪伴，住院期间很可能出现焦虑、恐慌、恐惧、易激怒等心理反应；超负荷的运转，也容易让医生焦虑、抑郁，进而影响睡眠饮食和工作状态。目前，武汉肺炎疫情还处于紧急救治阶段，很少有人关注医患双方和普通市民的心理状态。2020年1月25日晚，武汉市精神卫生中心的一位工作人员透露，不少民间机构及本地的心理咨询师已和精神卫生中心联系，主动请缨，希望投入到此次疫情的心理干预中。http://t.cn/A6PVr4zZ 原图 ,2020-01-27 10:43,295,221,31
Irktusf2i,【#湖北省长表示痛心内疚自责#】今晚，湖北省召开新型冠状病毒感染的肺炎疫情防控工作例行新闻发布会，湖北省长王晓东表示：新型冠状病毒肺炎疫情发生以后，让党中央和全国人民揪心，我们感到非常痛心，非常内疚，也非常自责。 （央视）央视新闻的微博视频  ,2020-01-27 00:05,3859,192,682
IrktgjFmB,#500万人离开武汉#【#春节和疫情致500万人离开武汉#】武汉市长周先旺：因春节和疫情的因素，有将近500多万人离开了这座城市。（央视）央视新闻的微博视频  ,2020-01-27 00:05,962,90,246
IrgRu4f6u,#疫情防控别漏了乡村#【迟到的农村防疫：1个鄂西村医，44名武汉返乡人，来不及测的体温】村医冯江的“工作对象”是44名武汉返乡人员。这是全镇武汉返乡人员最多的行政村之一，冯江有些紧张，“一旦出事，我们这责任就大了。”与突如其来的巨大防疫压力不相称的是，全村只有他一名医生，他无法每天找到这44个人，为他们检测体温。“只能告诉村里各组组长，盯紧每个人的动态，挨个交代待在家不要乱跑。”冯江说。在湖北乡镇的疫情防控中，村民小组组长往往是最前线的排查人员。鄂州某镇一名镇干部解释，组长们知道各家各户的情况，便于摸排。http://t.cn/A6Ptnu0r 原图 ,2020-01-26 14:54,411,69,41
Ir8dHrlm2,【急转！#急寻1月21日D3937次7号车厢乘客#】云南文山州新型冠状病毒感染的肺炎领导小组办公室提示：1月21日，由南宁经平果、广南、丘北往昆明的D3937次动车7号车厢的一名乘客，经百色市医疗机构诊断，已确诊为新型冠状病毒感染的肺炎病例，目前已被广西医疗机构收治。D3937次动车7号车厢共有57名乘客在文山境内下车，鉴于与确诊的新型冠状病毒感染的肺炎患者共乘7号车厢，有感染的风险，请在文山下车的各位乘客主动与所在县（市）疾病预防控制中心联系，配合当地部门做好医学观察，若有发热、咳嗽等症状，请及时到就近的定点医院发热门诊就诊，以便进一步诊治。为确保您和他人的身体健康，在就医途中，请您带上口罩，尽量不要乘坐公共交通工具前往医院。若需居家医学观察的，请不要外出，佩戴口罩，与家人共同做好个人防护，以保障您和家人的健康。转发提醒！（央视） ,2020-01-25 16:54,219,81,27
IqYBVsfCB,【#国务院征集瞒报漏报推诿线索# 查证属实的将严肃处理】国务院发布公告：从即日起在国务院“互联网+督查”平台面向社会征集有关地方和部门在疫情防控工作中责任落实不到位、防控不力、推诿扯皮、敷衍塞责等问题线索，以及改进和加强防控工作的意见建议。国务院办公厅将对收到的问题线索和意见建议进行汇总整理，督促有关地方、部门及时处理。对涉及缓报、瞒报、漏报疫情，落实防控措施不力，导致疫情扩散等严重后果的重要问题线索，国务院办公厅督查室将直接派员进行督查。经查证属实的，将依法依规严肃处理。http://t.cn/A6PLgxMP 原图 ,2020-01-24 16:26,841,114,33
IqVqK6xYQ,"#全国新增确诊病例259例# 【#全国确诊830例新型肺炎病例#】1月23日0-24时，27个省（区、市）报告新增确诊病例259例，新增死亡患者8例。新增治愈出院6例。19个省（区、市）报告新增疑似病例680例。全国共有29个省（区、市）报告疫情，新增内蒙古、陕西、甘肃、新疆4个省（区）。截至1月23日24时，国家卫健委收到29个省（区、市）累计报告新型冠状病毒感染的肺炎确诊病例830例，其中重症177例，死亡25例,其中湖北省24例、河北省1例。已治愈出院34例。20个省（区、市）累计报告疑似病例1072例。累计收到港澳台地区通报确诊病例5例，其中香港特别行政区2例，澳门特别行政区2例，台湾地区1例。累计收到国外通报确诊病例9例，其中泰国3例（2例已治愈），日本1例（已治愈），韩国1例，美国1例，越南2例，新加坡1例。目前追踪到密切接触者9507人，已解除医学观察1087人，尚有8420人正在接受医学观察。http://t.cn/A6P22g3q ",2020-01-24 08:20,81,39,50
IqSzM8L8Q,【#河北1例新型肺炎病例死亡#】1月23日，河北省确诊第2例新型冠状病毒感染的肺炎病例。患者陈某，男，80岁，沧州市南皮县人，在武汉探亲居住2月余，返回南皮县后出现胸闷、呼吸困难，入院隔离治疗，伴有高血压、慢性支气管炎、肺气肿等基础疾病，1月22日抢救无效死亡。1月23日，省市专家组依据新型冠状病毒核酸检测结果及病历资料综合评估，确认为确诊病例。截止到1月22日下午17时，76名密切接触者全部采取隔离医学观察措施，目前无发热等异常情况。（央视） 原图 ,2020-01-24 01:04,92,23,48
IqSubgdg2,【江城不会成孤城】湖北多地“封城”肯定会对一些市民的春节计划造成影响，但是，从疫情防控的角度，封城是必要的。市民为防疫作出贡献，我们也应该让他们能够安心，也要保证留守的市民过得安心，首当其冲的是医疗保障。根据财新等媒体的报道，武汉的卫生系统已经深度承压。很多医院人满为患，有不少病人不能及时收治入院，这不仅仅会让病人和家属担心不能得到及时救治，病人在各大医院之间或者医院和家庭之间频繁往返，也增加了病毒传播的风险。这需要在全省以及国家层面协调，抽调更多医护力量、积聚更多医护物资支援武汉，支援湖北，保证患者都能得到及时的救治。相信以全国的力量，在武汉建设一所足以收治所有病人的医院，一定是可以做到的。虽然城封了，但是武汉等湖北疫情严重地区的市民并不会被孤立，全国人民都会尽己所能，支援你们。指挥部“封城”的通告发布前后，铁路公司、航空公司、旅行社等纷纷宣布，对受到影响的乘客、旅客免费退票。得知武汉口罩、防护服等物资储备不足的消息后，阿里、京东等电商平台开始召集供应商，从全国调配防疫物资优先供应湖北地区。现在通讯发达，不能直接见面，打个视频电话拜年，也是问候。除夕了，新的一年即将到来。祝愿武汉在新年里尽快战胜疫情，健康平安。http://t.cn/A6PAw1v2 原图 ,2020-01-24 00:50,0,0,0
IqMmy8KBr,【#17例新型肺炎死亡病例病情公布#】截至1月22日24时，新型冠状病毒感染的肺炎确诊病例死亡17例，均来自湖北省。17例死亡病例病情介绍：一、曾XX，男，61岁，既往有肝硬化、粘液瘤等病史。2019年12月20日左右开始发热，咳嗽、无力；27日在武汉市普仁医院呼吸科住院治疗，28日转入ICU，30日予气管插管机械通气，31日转金银潭医院ICU；转入时休克昏迷状态。1月1日ECMO支持、抗感染、抗休克、纠正酸中毒等对症支持治疗。1月9日20时47分患者心率突然为0，ECMO血流速快速降至0.2升/分。立即抢救，至23时13分，心率仍为0，宣布临床死亡。　　二、熊XX，男，69岁，因发热、咳嗽4天，加重伴呼吸困难2天就诊于武汉市红十字会医院，2020年1月3日经口气管插管接呼吸机辅助呼吸，心肌酶谱持续异常。1月4日转入金银潭医院。入院诊断为急性呼吸窘迫综合征、呼吸衰竭、重症肺炎、昏迷待查、胸腔积液、主动脉粥样硬化。患者胸部CT示：双肺大片磨玻璃样影。心电图示：ST段改变。入院后予重症监护、呼吸机辅助呼吸、俯卧位通气治疗，予CRRT、抗感染、护肝等对症及支持治疗，病情无好转，脓毒性休克、微循环衰竭、凝血功能障碍及内环境紊乱进行性加重。1月15日00:15患者心率下降为0，持续去甲肾上腺素、肾上腺素、垂体后叶素、多巴胺等静脉泵入抗休克治疗，患者始终未能恢复自主呼吸及心跳，至0时45分床边心电图示全心停搏，宣告临床死亡。　　三、王XX，男，89岁，既往有高血压、脑梗塞、脑软化病史。因尿失禁于2020年1月5日就诊于同济医院泌尿外科，1月8日因嗜睡、神志不清转入急诊科就诊。检查提示肺部感染（病毒性肺炎）、急性呼吸衰竭。1月8日体检发现患者77mmHg，有缺氧表现。肺部CT呈双肺斑片影，双侧少量胸腔积液，胸膜粘连。血常规示白细胞总数进行性增高，淋巴细胞计数低。1月9日转入发热门诊观察病房抢救治疗，给予对症支持治疗。1月13日予呼吸机辅助正压通气。1月14日出现昏睡，在呼吸机辅助通气下，血氧饱和度波动在50%-85%之间。1月15日收入感染科病房。1月18日10时30分转院前Bp140/78mmHg，无创呼吸机辅助通气下SPO2 85%。转运途中，患者出现呼吸心跳骤停，持续抢救2小时，治疗无效于2020年1月18日13时37分宣告临床死亡。　　四、患者陈X，男，89岁，既往有高血压、糖尿病、冠心病、频发发室性早搏，冠脉支架植入术后。患者于2020年1月13日发病，就诊4小时前无明显诱因喘气，自感呼吸困难，无发热。1月18日因严重呼吸困难至武汉协和医院急诊科救治。患者高龄，病原学检查肺炎衣原体阳性，无甲乙流，新型冠状病毒阳性，肺部CT：病毒性肺炎典型改变。于2020年1月19日23时39分病情恶化，抢救无效死亡。　　五、李XX，男，66岁，既往有慢阻肺，高血压病，2型糖尿病，慢性肾功能不全，2007年升主动脉人工主动脉置换术，2017年腹主动脉支架置入术，胆囊切除术，多脏器功能损害。患者因间断咳嗽、头痛、乏力伴发热6天于2020年1月16日收入武钢总医院。1月16日胸部CT显示双侧肺炎、左上肺纤维化灶、左上肺小结节影。1月17日出现呼吸困难，血气分析提示1型呼吸衰竭，给予面罩吸氧、抗感染、抗病毒、化痰等对症处理。1月20日10时10分 患者于突然出现指脉氧降低至40%，已予无创呼吸机辅助通气治疗，再次告知家属患者重度呼吸衰竭，再次询问是否行气管插管，拒绝行气管插管。1月20日10时35分病情恶化抢救无效死亡。　　六、王XX、男、75岁、因发热伴咳嗽、咳痰5天、呕吐2天于2020年1月11日17时19分收入武汉市第五医院。既往有高血压病和髋关节置换术史。入院体温38.2℃，伴乏力、纳差、咳嗽、鼻塞、头昏、头痛，无明显畏寒、寒颤、肌肉关节酸痛。胸部CT提示双肺间质感染。　　入院后告病危，予以吸氧、抗感染、抗病毒，化痰，酌情退热，予以补液等对症治疗。患者病情进行性加重，1月15日转入ICU，行机械通气。1月20日11时30分家属表示了解病情，现要求停用呼吸机，拔出气管导管观察，不再行气管插管呼吸机辅助呼吸及心肺复苏抢救。1月20日11时25分宣告死亡。　　七、殷XX，女，48岁，既往有糖尿病，脑梗死。2019年12月10日无诱因出现发热（38℃）、周身酸痛、乏力，逐渐出现咳嗽，少痰，在基层医院抗感染治疗2周未见好转。12月27日出现胸闷、气短，活动后明显，同济医院予无创通气、常规抗感染治疗，病情仍有加重。12月31日转入金银潭医院，给予鼻导管高流量吸氧等对症治疗措施，低氧状态仍未见明显好转，病情仍有恶化趋势。2020年1月14日胸部CT可见双肺弥漫机化性改变，部分伴牵拉性支气管扩张，其中以双下肺尤为明显。1月20日11时50分行气管插管，并予镇痛、镇静治疗，指端氧饱和度及血压持续下降，继而心率下降，最终抢救无效死亡。　　八、刘XX，男，82岁，因全身畏寒酸痛5天于2020年1月14日15时41分收入武汉市第五医院。给予心电监护、无创呼吸机辅助呼吸、抗感染、抗病毒及支持对症治疗。1月19日出现吐词不清、左侧肢体乏力，考虑脑卒中，病情进展加重，出现呼吸衰竭持续加重。1月21日00时30分患者突发心率进行性下降，心音闻不及，大动脉搏动消失，立即抢救，家属仍拒绝气管插管机械通气，持续抢救，心率始终无恢复，1时18分宣告临床死亡。                                                              　　九、罗XX，男，66岁，2019年12月22日无诱因咳嗽，以干咳为主，无发热；12月31日出现胸闷，气短，活动后明显，至市中心医院就诊；2020年1月2日转入金银潭医院，影像学双肺病变弥漫，呈“白肺样”改变。入院后给予经鼻高流量给氧等对症治疗，顽固性低氧血症难以纠正。1月12日10时行气管插管呼吸机辅助呼吸，镇静状态，体温36.7℃，呼吸窘迫，继续积极抗菌治疗。当日患者氧合改善不明显，呼吸机吸入氧浓度已下调至50%左右，动脉血氧分压80mmHg。患者病程长，免疫功能极差，存在脓毒性休克风险，1月21日9时50分抢救无效死亡。　　十、张XX，男，81岁，2020年1月18日因发热3天收入武汉市第一医院。入院胸部CT显示双肺感染性病变，考虑病毒性肺炎，患者肾功能及肺部感染情况持续恶化，于2020年1月22日上午逐渐出现意识不清，呼吸心率血压持续下降不能维持，患者家属签字拒绝胸外按压、气管切开等抢救措施，患者于1月22日10时56分呼吸心跳停止，宣告临床死亡。　　十一、张XX，女，82岁，既往有帕金森病史5年，口服美多芭。2020年1月3日发病，因“发热咳嗽胸闷乏力”于1月6日就诊于湖北省中西医结合医院，诊断“病毒性肺炎、呼吸衰竭”。1月20日转入武汉市金银潭医院，病情进行性加重，于1月22日行气管插管呼吸机支持治疗，呼吸衰竭无改善，于2020年1月22日18时经抢救无效宣告临床死亡。　　十二、周XX，男，65岁，2020年1月11日因气促伴乏力3天，加重3天收入武汉市第一医院。入院时患者呼吸困难，胸闷气促，急性病面容，诊断为重症肺炎、急性呼吸衰竭、肝功能损害。1月21日19时出现心率、血压下降，双瞳对光反射消失，即刻行气管插管、人工胸外按压、强心等治疗，至19时54分未再恢复自主心律，宣告临床死亡。　　十三、胡XX，女，80岁，2020年1月11日发病。因发热、咳嗽9天，喘息、呼吸困难于2020年1月18日入住华润武钢总医院，因新型冠状病毒核酸阳性，于2020年1月20日转入武汉市金银潭医院。既往有高血压病史20余年，有糖尿病史20余年，有帕金森病史。入院后告病危，重症监护，行抗感染、呼吸机辅助呼吸及对症支持治疗。但患者病情无好转，持续低氧血症、神志不清，机械呼吸机辅助呼吸，2020年1月22日16时经抢救无效，宣告临床死亡。　　十四、雷XX，男，53岁。1月初因发热一直在社区医院治疗，治疗数日后无效，发热、咳嗽、胸闷加重。2020年1月13日到同济医院急诊科就诊，CT显示双肺感染，呼吸衰竭；1月18日告病危，行无创呼吸机支持治疗，2020年1月20日转入武汉市金银潭医院隔离治疗。入院经抗感染抗休克，呼吸机辅助呼吸支持治疗，患者病情无好转，呼吸衰竭继续加重，1月21日4时余经抢救无效，宣告临床死亡。　　十五、王XX，男，86岁，2020年1月9日因乏力1周就诊收入新华医院。无发热，有糖尿病高血压及结肠癌手术后4年。入院后肺部CT见双肺多发磨玻璃影，缺氧明显，进食困难、呼吸加快、昏睡等。家属拒绝插管，仅经鼻吸氧，于2020年1月21日17时50分心跳呼吸停止，宣告临床死亡。　　十六、袁XX，女，70岁。2020年1月13日因持续高热收入市第一医院。入院时神志模糊，急性病容，心音减弱，双肺呼吸音粗，影像学结果见肺部感染较重。考虑重症肺炎，且存在严重的呼吸衰竭。即予以积极抗感染、吸氧等对症治疗，但呼吸衰竭难以纠正。患者于2020年1月21日因呼吸衰竭宣告死亡。　　十七、詹XX，男，84岁。患者因发热、咳嗽、喘气3天于2020年1月9日17时4分收入市第五医院治疗。既往有慢性支气管炎、不稳定型心绞痛、冠状动脉支架术、高血压病、消化道出血、肾功能不全、高脂血症、高尿酸血症、腔隙性脑梗死病史。患者因病情加重，持续高热不退，于1月18日转入ICU，予以抗感染及对症支持治疗。1月22日10时16分患者呼吸停止，心率逐渐减慢，10时52分宣告临床死亡。（@健康中国） ,2020-01-23 09:15,173,166,67
IqM1NzxuK,【#国内累计571例新型肺炎#】截至1月22日24时，卫计委收到国内25个省（区、市）累计报告新型冠状病毒感染的肺炎确诊病例571例，其中重症95例，死亡17例（均来自湖北省）。13个省（区、市）累计报告疑似病例393例。22日0-24时，24省（区、市）报告新增确诊病例131例，新增死亡患者8例，其中，男性5例，女性3例，除1例53岁以外，其余均为65岁以上老年人，80岁以上5例，分别患有癌症术后、肝功能损坏、高血压、冠心病、糖尿病、帕金森等慢性、基础性疾病。13省（区、市）报告新增疑似病例257例。全国共有25个省（区、市）报告疫情，新增河北、辽宁、江苏、福建4个省。境外通报确诊病例：中国香港1例，中国澳门1例，中国台湾1例；美国1例，日本1例，泰国3例，韩国1例。目前追踪到密切接触者5897人，已解除医学观察969人，尚有4928人正在接受医学观察。（健康中国） ,2020-01-23 08:24,87,17,41
IqLPmAPNK,【今天10时起 ，武汉全市公交地铁等停运，机场火车站离汉通道关闭】武汉市新型冠状病毒感染的肺炎疫情防控指挥部发布通告：自2020年1月23日10时起，武汉全市城市公交、地铁、轮渡、长途客运暂停运营；无特殊原因，市民不要离开武汉，机场、火车站离汉通道暂时关闭。恢复时间另行通告。  原图 ,2020-01-23 07:53,0,0,0
IqI6DhFsi,【#新型肺炎已致湖北17人死亡#】#湖北新型肺炎累计444例死亡17例#湖北省政府召开新闻发布会，截至今天晚上8点，湖北省累计报告新型冠状病毒感染病例444例，17人死亡。 （人民日报）  原图 ,2020-01-22 22:25,749,270,88
IqH6fedeQ,【#全国已确诊473例新型肺炎病例#】#新型肺炎疫情最新汇总#：截至1月22日19时20分，全国新型冠状病毒感染肺炎确诊473例。 （人民日报）  原图 ,2020-01-22 19:51,193,57,80
IqEiHwuSq,【#广东新增9例新型肺炎确诊病例#】截至21日24:00，广东省新增报告9例新型冠状病毒感染的肺炎确诊病例。新增病例分布如下：广州2例、深圳4例、佛山1例、韶关2例；男性4例、女性5例；重症2例，均收治在当地定点医疗机构隔离治疗。其中，7例有湖北居住史或旅行史，广东省已对密切接触者进行追踪随访，目前暂无异常。截至目前，#广东累计新型肺炎确诊病例26例#（广州2例、深圳14例、珠海4例、佛山1例、韶关2例、惠州1例、湛江2例），其中重症7例，危重3例，无死亡病例。另有1例疑似病例正在排查中。 原图 ,2020-01-22 12:44,59,10,16
IqDmlwV0r,【#新型肺炎病毒有变异的可能# #新型肺炎疫情或进一步扩散#】今天上午国新办举行新闻发布会。国家卫健委李斌表示，专家研判认为，病例主要与武汉相关，已经出现了人传人和医务人员感染，存在一定范围的社区传播。新型冠状病毒传染源尚未找到，疫情传播途径尚未完全掌握，病毒存在变异的可能，疫情存在进一步扩散的风险。（央视）http://t.cn/A6ve13D9 ,2020-01-22 10:20,90,31,15
IqDm0uQFQ,【国家卫健委：#新型冠状病毒肺炎确诊440例#，死亡9例】截至1月21日24时，国家卫健委收到国内13省(区、市)，累计报告新型冠状病毒感染的肺炎确诊病例440例，死亡9例。人民日报的微博视频  ,2020-01-22 10:19,83,24,27
IqzhhsUKh,【#全国确诊309例新型冠状病毒肺炎#病例】#新型肺炎疫情最新汇总#：截至21日21时，全国共确诊新型冠状病毒肺炎309例，其中，湖北270例，北京5例，广东14例，上海6例，浙江5例，天津2例，河南1例，重庆5例，台湾1例。 （人民日报）  原图 ,2020-01-21 23:56,136,49,76
Iqxb41OXV,【世卫组织：将召开紧急会议，评估武汉肺炎疫情】世卫组织告诉南方周末记者，从最新得到的消息来看，至少存在一些人传人的情况，15名医务人员遭感染也支持了这个观点。此外，最新报告的感染信息提示，现在可能还存在“持续的人传人”。不过，世卫组织回复中也提到，“需要更多的流行病学调查数据来了解这种人传人的程度”。“对于2019-nCOV，我们还有太多未知，目前还不能对疾病的来源、严重性、传播方式、临床特点等下明确的判断。”世卫组织回复中坦言。http://t.cn/A6vrfIKb 原图 ,2020-01-21 18:35,161,35,26
IqvHkEJf1,【#武汉实施进出武汉人员管控# 遏制疫情扩散】记者从武汉市卫健委获悉：为坚决遏制新型冠状病毒感染引起的肺炎疫情扩散，武汉市对进出武汉人员加强管控。武汉市旅游团队不组团外出，公安交管部门对进出武汉的私家车辆进行抽检，检查后备箱是否携带活禽、野生动物等。武汉加强了对公共场所及公共交通的管理，自1月14日起，在机场、火车站、长途汽车站、客运码头迅速安装红外线测温仪35台，配备手持红外线测温仪300余台，各区正在陆续加大配备力度；在“三站一场”设置体温检测点、排查点，加强离汉旅客体温检测工作；对出现发热的旅客进行登记、发放宣传册和口罩、免费办理退票或改签手续、指导转诊到辖区医疗机构，并进行登记报告。1月19日，武汉再次部署出境离汉人员检测排查工作。同时，对市内公共交通工具强化进行“日消毒”和“每班次通风”。（人民日报） ,2020-01-21 14:49,234,36,35
IquffhefO,【#武汉市成立疫情防控指挥部#】武汉市成立市新型冠状病毒感染的肺炎疫情防控指挥部，统一领导、指挥全市疫情防控工作。①新型冠状病毒感染的肺炎已纳入乙类传染病、采取甲类管理。②对重症患者“一人一方案”“一人一团队”；强化医务人员防护，严格控制医院感染。③把好机场车站码头体温筛检关口。④及时公开透明向社会通报疫情态势和防控工作进展，统一发布权威信息，普及防控知识。⑤引导市民勤洗手、戴口罩，养成良好的公共卫生行为规范。⑥启动战时值班备勤机制，加强春节期间在岗值守。（武汉发布） 原图 ,2020-01-21 11:08,366,42,88
IqucN7tpp,#武汉新型肺炎新增死亡病例1例#【#武汉累计198例新型冠状病毒肺炎病例#】武汉市卫健委发布通报：1月19日22时至1月19日24时，死亡1例，无出院病例和新增病例。死者陈某，男，89岁，1月13日发病，1月18日因严重呼吸困难入院救治，1月19日23:39抢救无效死亡。患者有高血压、糖尿病、冠心病、频发室性早搏等基础疾病。截至1月19日24时，武汉市累计报告新型冠状病毒感染的肺炎病例198例，已治愈出院25例，死亡4例。目前仍在院治疗169例，其中重症35例、危重症9例，均在武汉市定点医疗机构接受隔离治疗。 原图 ,2020-01-21 11:02,270,11,36
IqpxThxRb,【钟南山：#新型冠状病毒传染性相比SARS没那么强#】钟南山：新型冠状病毒跟SARS病毒相比，尽管有很多的同源性，但是是平行的，完全不同的病毒，只是某些方面有近似的地方。新型冠状病毒的感染正在爬坡，但是相比SARS传染性没那么强。央视新闻的微博视频  ,2020-01-20 23:10,236,126,39
Iqpx6gQkM,【#钟南山表示不一定非戴N95口罩#】钟南山：实际不一定非要戴N95口罩，一般的口罩是能阻挡大部分带有病毒的飞沫进入呼吸道的，预防新型冠状病毒，戴口罩还是有用的。央视新闻的微博视频  ,2020-01-20 23:08,283,109,37
IqpwU7Yd7,【#有医务人员被传染新型冠状病毒肺炎#】钟南山：普通人要提高对新型冠状病毒肺炎的认识，现在已经存在有人传人，同时医务人员也有传染，所要要提高警惕。①没有特殊情况不要去武汉；②有感冒要到发热门诊就诊；③要戴口罩。转发记下！央视新闻的微博视频  ,2020-01-20 23:07,93,68,25
Iqpg3emRI,【钟南山：#新型冠状病毒肺炎很可能来自野味#】@央视新闻 央视新闻的微博视频  ,2020-01-20 22:26,324,109,60
Iqp5f624e,【#钟南山肯定新型冠状病毒肺炎人传人#】钟南山：根据目前的资料，新型冠状病毒肺炎是肯定的人传人，在广东有2个病例，没去过武汉，但家人去了武汉后染上了新型冠状病毒肺炎，现在可以说，肯定的，有人传人现象。 （央视新闻）央视新闻的微博视频  ,2020-01-20 21:59,478,350,65
IqoKaqa1p,【#广东省新增13例新型冠状病毒感染的肺炎病例#】据广东省卫计委官网通报：国家卫生健康委确认我省首例输入性新型冠状病毒感染的肺炎确诊病例后，1月20日，广东省专家组根据《国家卫生健康委办公厅关于印发新型冠状病毒感染的肺炎诊疗方案（试行第二版）》，结合患者流行病学调查、临床表现和病原学检测结果，确认新增13例新型冠状病毒感染的肺炎确诊病例。新增病例分布如下：深圳8例、珠海3例、湛江、惠州各1例，均收治在当地定点医疗机构隔离治疗。其中，男性8例、女性5例；60岁以上老人8例，青壮年4例，10岁儿童1例。11例病例有武汉居住或旅行史，2例与病例有密切接触史。首发症状大多为发热、咳嗽（干咳为主）、乏力、胸闷、呼吸困难等。重症4例，危重症2例，无死亡病例。已对密切接触者进行追踪随访，目前暂无异常。 原图 ,2020-01-20 21:07,68,78,31
IqoIIzthw,【#北京市新增3例新型冠状病毒感染的肺炎病例#】刚刚，@首都健康 发布通报：我市2名男性患者，分别于1月7日和1月9日去过武汉，并短暂逗留，两人分别于1月13日和1月14日出现发热和呼吸道症状。1名老年女性患者，从武汉来京探亲，于1月13日出现发热和呼吸道症状。根据上述三名患者临床症状和流行病学调查结果，经疾病预防控制中心检测、专家组评估，今日确诊为新型冠状病毒感染的肺炎病例。3名患者已在定点医院接受隔离治疗，其中2名病情平稳，1名患者病情危重。我市已对所有23名密切接触者开展医学观察，目前无发热等异常情况。截至1月20日18时，我市共确诊5例新型冠状病毒感染的肺炎病例。冬春季是呼吸道传染性疾病高发季节，专家提示，居家和公共场所要保持室内空气流通，注意个人卫生，勤洗手，减少或避免到人群密集场所。与发热或肺炎患者接触时做好防护。如有发热、呼吸道感染症状，要及时联系社区卫生机构或就近到医疗机构发热门诊就诊。 原图 ,2020-01-20 21:04,61,29,25
Iqojxbyia,【#上海确诊1例新型冠状病毒感染肺炎# 自武汉来沪】1月20日晚，国家卫生健康委确认上海市首例输入性新型冠状病毒感染的肺炎确诊病例。患者为56岁女性，湖北省武汉市户籍。1月12日自武汉来沪后，因发热、乏力等症状，于1月15日在本市一发热门诊就诊后即被收治入院隔离治疗。经上海市疾控部门检测，并经中国疾控中心复核，新型冠状病毒核酸检测结果为阳性。1月20日，经国家卫健委疫情应对处置领导小组的专家评估确认，该病例为新型冠状病毒感染的肺炎确诊病例。现患者体温正常，生命体征平稳，其2名在沪密切接触者正在医学观察。（人民日报） 原图 ,2020-01-20 20:02,53,19,21
IqohdisXH,【#境内确诊217例新型冠状病毒肺炎病例#】截至今日18时，我国境内累计报告新型冠状病毒感染的肺炎病例224例，其中确诊病例217例（武汉198例，北京5例，广东14例）；疑似病例7例（四川2例，云南1例，上海2例，广西壮族自治区1例，山东1例）。日本通报确诊病例1例，泰国通报确诊病例2例，韩国通报确诊病例1例。（央视新闻）http://t.cn/A6vnCiQO ,2020-01-20 19:56,273,95,77
IqlqV4R9i,【#记者探访深圳新型冠状病毒肺炎处置医院#】深圳卫健委通报，广东深圳确诊1例新型冠状病毒感染肺炎病例，另有8例观察病例在定点医院隔离治疗。深圳目前隔离治疗新型冠状病毒肺炎病患的定点医院，为深圳市第三人民医院，深圳卫视记者实地探访↓↓↓提醒大家加强防护！ 央视新闻的微博视频  ,2020-01-20 12:42,79,26,15
IoS4Nh1mG,【流感年年有，今冬格外凶？ 约不上的疫苗，被低估的威胁】2020年1月3日，国家流感中心的监测周报显示，我国内地南北方省份已先后进入冬季流行季。部分地区处于较高流行水平，暴发疫情（指一定范围内出现10例或以上病例）仍然高发。不惟中国，北半球国家大多未能幸免于这场冬春季流感。美国可能正经历40年来最糟糕的流感季——根据美国疾病控制和预防中心（CDC）的周报，疫情已蔓延至全美45个州，已造成至少640万人感染，近三千人死亡。在英国，因流感住院的人数同比增加了9倍。2017年底的“跨年流感”，令儿科挤爆、“神药”脱销、疫苗遇冷，中国的公共卫生体系遭遇了多年不遇的严峻挑战。如今，流感病毒再次兵临城下。经历了连续两年的中等规模流行后，这个流感季，我们的防控应对更好了吗？http://t.cn/AisQEys0 原图 ,2020-01-10 20:07,53,26,22
Inw7R3Vaw,【武汉肺炎疫情追踪：华南海鲜批发市场休市整治】1月1日上午8时许，武汉华南海鲜批发市场休市，进行环境卫生整治。开市时间另行通知。南方周末记者掌握的一份落款为“省、市、区疾控中心联合调查组”的报告显示，市场分为东、西两个区域，共有摊位650余个，从业人员1500余人。报告写道，“西区卫生环境很差，销售垃圾随处堆放，地面潮湿，通风很差。”“目前处于呼吸道疾病流行期，该市场人群聚集性高，通风较差，卫生环境恶劣，为病例发生的客观原因。”报告还提到，目前未发现该市场聚集性病例，患者摊位较分散，无明显接触交叉，无时间和空间上的聚集性，仅有华南海鲜批发市场的暴露史。目前，对病原的检测及感染原因的调查仍在进行中。http://t.cn/AiFke9JE  http://t.cn/AiFkDM1r ,2020-01-01 22:24,162,36,25
InjQcpjoB,【#武汉市卫健委通报肺炎疫情情况#：尚未发现明显人传人现象】据湖北武汉市卫健委：近期武汉部分医疗机构已发现27例病毒性肺炎病例，均已隔离治疗。病例临床表现主要为发热，少数病人呼吸困难，胸片呈双肺浸润性病灶。目前尚未发现明显人传人现象，未发现医务人员感染。对病原检测及感染原因的调查正在进行中。http://t.cn/AiF8IqmT 原图 ,2019-12-31 15:07,162,17,34
Inj7AAU5x,【#武汉发现不明原因肺炎#，当地疾控：已检测的部分病人病原体，不是“非典”】武汉市疾控中心向南方周末记者否认了SARS的说法。“我们已经对一些不明原因肺炎病人的病原体进行检验，不是非典，具体情况以发布会和通知为准。”武汉市疾控中心传染病监测室的工作人员告诉南方周末记者，引起肺炎的病原体有很多，约有30%左右的肺炎是无法查清原因的。网传收治患者的武汉市中心医院（原二院）后湖院区医务处工作人员也对外界表示，网传SARS系谣言，目前并无疑似或确诊的患者。武汉市卫生健康委员会官方热线12320工作人员表示，武汉疾控部门第一时间前往救治医院采集患者标本，具体是何种病毒仍在等待最终的检测结果。不明原因肺炎患者已做好隔离治疗的工作，不影响其他患者到医疗机构正常就医。武汉有着全国最一流的病毒研究机构，病毒检测结果一经查出将第一时间向公众公布。http://t.cn/AiF8hxtk 原图 ,2019-12-31 13:18,478,53,35
In9wKxSTw,【#基因编辑婴儿案宣判# #贺建奎非法行医被判3年#】据@央视新闻 报道，“基因编辑婴儿”案30日在深圳市南山区人民法院一审公开宣判。贺建奎、张仁礼、覃金洲等3名被告人因共同非法实施以生殖为目的的人类胚胎基因编辑和生殖医疗活动，构成非法行医罪，分别被依法追究刑事责任。  法院审理查明，2016年以来，南方科技大学原副教授贺建奎得知人类胚胎基因编辑技术可获得商业利益，即与广东省某医疗机构张仁礼、深圳市某医疗机构覃金洲共谋，在明知违反国家有关规定和医学伦理的情况下，仍以通过编辑人类胚胎CCR5基因可以生育免疫艾滋病的婴儿为名，将安全性、有效性未经严格验证的人类胚胎基因编辑技术用于辅助生殖医疗。贺建奎等人伪造伦理审查材料，招募男方为艾滋病病毒感染者的多对夫妇实施基因编辑及辅助生殖，以冒名顶替、隐瞒真相的方式，由不知情的医生将基因编辑过的胚胎通过辅助生殖技术移植入人体内，致使2人怀孕，先后生下3名基因编辑婴儿。  法院认为，3名被告人未取得医生执业资格，追名逐利，故意违反国家有关科研和医疗管理规定，逾越科研和医学伦理道德底线，贸然将基因编辑技术应用于人类辅助生殖医疗，扰乱医疗管理秩序，情节严重，其行为已构成非法行医罪。根据3名被告人的犯罪事实、性质、情节和对社会的危害程度，依法判处被告人贺建奎有期徒刑三年，并处罚金人民币三百万元；判处张仁礼有期徒刑二年，并处罚金人民币一百万元；判处覃金洲有期徒刑一年六个月，缓刑二年，并处罚金人民币五十万元。  因涉及有关人员个人隐私，法院不公开开庭审理了此案。据法院负责人介绍，庭审过程中，公诉机关出示了物证、书证、证人证言、鉴定意见、勘验笔录、检查笔录、视听资料、电子数据等证据。3名被告人当庭表示认罪悔罪，辩护律师到庭为3名被告人进行了辩护。  被告人家属、人大代表、政协委员、媒体记者及各界群众代表旁听了宣判。  记者还从广东有关部门获悉，“基因编辑婴儿”事发后，广东省委、省政府高度重视，迅速成立调查组开展调查，并于2019年1月公布调查结果。同时根据有关规定，广东省对涉事单位和人员进行了严肃处理和问责。卫生健康行政部门已将相关涉案人员列入人类生殖技术违法违规人员“黑名单”，终身禁止其从事人类辅助生殖技术服务工作。科技主管部门已对涉案人员作出终身禁止其申请我国人类遗传资源行政审批、终身禁止其申请财政资金支持的各级各类科研项目等行政处理。科技主管部门、卫生健康行政部门分别责成涉事单位完善科研和医疗管理制度，加强对相关从业人员的监督管理等。 ,2019-12-30 12:52,142,129,28
